Grade,MI Baseline,MI Follow Up 1,MI Follow Up 2,RI Baseline,RI Follow Up 1,RI Follow Up 2,MI Imp 1 to 2,MI Imp 1 to 3,RI Imp 1 to 2,RI Imp 1 to 3
4,320,,,355,136,,,,-219,
3,355,475,,299,,,120,,,
5,155,,,3,543,363,,,540,360
5,,,,674,683,737,,,9,63
5,15,,,476,536,660,,,60,184
5,150,480,305,749,,,330,155,,
5,160,425,530,667,,,265,370,,
3,305,385,490,512,,,80,185,,
3,240,270,325,38,,,30,85,,
3,55,45,95,0,,,-10,40,,
3,340,,,476,463,456,,,-13,-20
3,420,,,159,243,384,,,84,225
3,320,,,272,310,376,,,38,104
3,505,,,364,593,653,,,229,289
3,190,350,565,20,,,160,375,,
3,185,185,-90,134,,,0,-275,,
3,35,,,128,103,305,,,-25,177
5,350,355,360,380,,,5,10,,
5,-185,,,0,0,0,,,0,0
4,270,270,300,,,,0,30,,
5,300,,,291,283,315,,,-8,24
4,,,,160,235,239,,,75,79
5,20,315,325,73,,,295,305,,
4,,,,469,490,516,,,21,47
4,440,,,475,514,599,,,39,124
4,395,,,0,214,409,,,214,409
5,-85,,,0,0,95,,,0,95
5,355,505,365,671,,,150,10,,
3,230,220,550,156,,,-10,320,,
3,-230,90,200,0,,,320,430,,
3,185,195,400,149,,,10,215,,
3,-135,,,0,0,0,,,0,0
3,175,,,0,0,0,,,0,0
3,190,115,415,0,,,-75,225,,
3,-175,,,0,0,0,,,0,0
3,-335,-50,220,0,,,285,555,,
3,-105,,,51,0,274,,,-51,223
3,-65,55,-10,0,,,120,55,,
3,-175,,,0,0,0,,,0,0
5,370,,,386,504,444,,,118,58
5,290,345,875,428,,,55,585,,
5,290,445,730,448,,,155,440,,
5,150,565,585,679,,,415,435,,
5,370,520,,,,,150,,,
5,525,,,408,565,581,,,157,173
5,265,,,361,341,382,,,-20,21
5,215,555,350,684,,,340,135,,
5,410,,,515,669,720,,,154,205
5,5,,,417,473,687,,,56,270
5,135,,,330,488,519,,,158,189
4,,,,543,,532,,,,-11
4,,,,337,,351,,,,14
4,150,,150,,,,,0,,
4,,,,299,,362,,,,63
4,145,275,485,124,,,130,340,,
4,25,330,345,441,,,305,320,,
4,430,,,340,437,308,,,97,-32
4,,,,338,,479,,,,141
4,140,290,300,737,,,150,160,,
4,270,,,240,391,489,,,151,249
4,-45,300,240,74,,,345,285,,
4,195,415,280,140,,,220,85,,
4,205,,,0,168,269,,,168,269
4,,,,523,,556,,,,33
3,130,135,100,0,,,5,-30,,
3,115,340,390,0,,,225,275,,
3,0,-85,155,0,,,-85,155,,
3,95,,,0,0,59,,,0,59
3,-15,,,0,5,85,,,5,85
3,245,,,0,213,252,,,213,252
3,195,,,146,161,158,,,15,12
3,180,255,415,382,,,75,235,,
3,35,,,0,228,344,,,228,344
3,-175,60,55,120,,,235,230,,
3,255,,,0,170,331,,,170,331
4,50,,,150,149,222,,,-1,72
4,45,,,488,362,446,,,-126,-42
4,-170,410,570,0,,,580,740,,
4,20,,,57,0,271,,,-57,214
4,185,,,222,0,105,,,-222,-117
4,-95,,,0,133,270,,,133,270
4,445,385,470,603,,,-60,25,,
4,235,,,306,311,358,,,5,52
4,220,350,385,115,,,130,165,,
4,230,250,455,52,,,20,225,,
4,280,480,760,19,,,200,480,,
3,220,,,318,254,,,,-64,
4,490,,,321,456,533,,,135,212
4,435,,,439,464,509,,,25,70
4,295,430,725,286,,,135,430,,
4,210,,,495,709,894,,,214,399
4,360,,,382,461,385,,,79,3
4,265,,,276,385,565,,,109,289
4,330,,,597,617,669,,,20,72
4,250,520,570,620,,,270,320,,
4,440,540,690,501,,,100,250,,
4,295,325,665,379,,,30,370,,
4,180,565,765,192,,,385,585,,
5,360,365,585,511,,,5,225,,
5,225,,,582,658,702,,,76,120
5,500,850,825,776,,,350,325,,
5,475,,,647,761,836,,,114,189
5,280,425,600,479,,,145,320,,
5,365,475,425,320,,,110,60,,
5,320,,,686,695,760,,,9,74
5,385,,,554,504,722,,,-50,168
5,470,,,609,697,815,,,88,206
5,225,,,320,424,632,,,104,312
5,335,470,580,622,,,135,245,,
4,230,355,355,450,,,125,125,,
4,-60,,,209,370,446,,,161,237
4,380,,,452,453,494,,,1,42
4,470,,,342,503,591,,,161,249
4,425,445,400,288,,,20,-25,,
4,250,435,380,831,,,185,130,,
4,480,,,411,506,510,,,95,99
4,140,450,700,42,,,310,560,,
4,150,,,490,656,632,,,166,142
4,420,665,730,403,,,245,310,,
4,455,,,534,646,706,,,112,172
3,270,,,171,203,195,,,32,24
3,155,505,595,359,,,350,440,,
3,265,,,0,381,454,,,381,454
3,230,395,635,707,,,165,405,,
3,10,360,360,235,,,350,350,,
3,70,,,104,173,370,,,69,266
3,330,520,585,411,,,190,255,,
3,35,,,434,575,495,,,141,61
3,265,,,300,381,410,,,81,110
3,160,500,430,351,,,340,270,,
3,-35,255,210,0,,,290,245,,
3,165,465,545,0,,,300,380,,
3,290,225,410,0,,,-65,120,,
3,225,605,590,601,,,380,365,,
3,80,,,283,367,347,,,84,64
3,270,,,355,350,396,,,-5,41
3,10,,,275,450,395,,,175,120
3,85,,,229,304,466,,,75,237
3,-10,250,275,0,,,260,285,,
3,-105,,,285,346,558,,,61,273
5,670,,,742,772,822,,,30,80
5,485,415,585,543,,,-70,100,,
5,495,600,750,397,,,105,255,,
5,315,,,314,379,462,,,65,148
5,525,605,725,377,,,80,200,,
5,495,440,665,471,,,-55,170,,
5,405,,,461,556,588,,,95,127
5,380,,,561,614,784,,,53,223
5,685,,,710,858,873,,,148,163
5,300,510,525,520,,,210,225,,
5,620,,,497,545,612,,,48,115
4,255,,,384,551,604,,,167,220
4,110,535,225,0,,,425,115,,
4,180,,,321,283,588,,,-38,267
4,565,,,568,694,709,,,126,141
4,315,,,387,406,334,,,19,-53
4,170,395,170,161,,,225,0,,
4,120,,,254,303,511,,,49,257
4,345,310,435,230,,,-35,90,,
4,380,,,300,302,332,,,2,32
4,355,260,410,79,,,-95,55,,
4,270,175,345,0,,,-95,75,,
3,-80,,,113,0,326,,,-113,213
3,110,,,0,0,105,,,0,105
3,-180,,,0,0,25,,,0,25
3,235,,,0,240,301,,,240,301
3,15,,,121,305,589,,,184,468
5,300,395,,689,,,95,,,
5,255,505,,611,,,250,,,
5,285,565,,472,,,280,,,
5,320,235,,431,,,-85,,,
5,510,540,,623,,,30,,,
5,235,520,,472,,,285,,,
5,-90,,,308,487,,,,179,
5,360,,,540,731,,,,191,
5,595,,,474,508,,,,34,
5,355,,,512,578,,,,66,
5,690,,,564,621,,,,57,
4,270,595,630,648,,,325,360,,
4,335,,,378,409,503,,,31,125
4,430,,,342,607,,,,265,
4,395,,,318,292,508,,,-26,190
4,305,605,670,779,,,300,365,,
4,460,,,421,623,692,,,202,271
4,285,510,640,442,,,225,355,,
4,440,,,266,323,598,,,57,332
4,380,285,560,539,,,-95,180,,
4,330,,,178,424,425,,,246,247
4,365,465,710,437,,,100,345,,
4,-75,145,-40,0,,,220,35,,
4,450,,,241,451,530,,,210,289
4,350,,,349,340,495,,,-9,146
4,535,,,332,488,395,,,156,63
4,390,640,940,0,,,250,550,,
3,380,,,196,151,276,,,-45,80
3,365,,,266,207,349,,,-59,83
3,320,,,298,347,465,,,49,167
3,220,,,0,274,319,,,274,319
3,295,,,285,484,471,,,199,186
3,425,400,595,276,,,-25,170,,
3,400,400,590,374,,,0,190,,
3,320,,,192,261,,,,69,
3,290,485,395,360,,,195,105,,
3,230,275,280,86,,,45,50,,
3,340,385,480,143,,,45,140,,
3,260,,,253,279,323,,,26,70
3,525,,,258,239,417,,,-19,159
3,410,,,132,220,365,,,88,233
3,295,,,66,53,191,,,-13,125
3,355,,,259,454,373,,,195,114
3,80,,,259,320,422,,,61,163
3,320,270,560,0,,,-50,240,,
3,290,320,270,0,,,30,-20,,
3,325,310,220,215,,,-15,-105,,
3,375,235,340,71,,,-140,-35,,
3,280,305,495,44,,,25,215,,
3,245,,,115,257,294,,,142,179
3,280,,,333,594,794,,,261,461
3,-45,460,590,0,,,505,635,,
3,480,,,430,674,812,,,244,382
3,290,,,23,243,475,,,220,452
3,355,,,199,520,768,,,321,569
3,440,310,575,272,,,-130,135,,
3,445,,,285,419,572,,,134,287
3,255,385,740,391,,,130,485,,
3,260,250,735,0,,,-10,475,,
3,-90,225,420,0,,,315,510,,
5,395,265,690,663,,,-130,295,,
5,285,,,391,371,563,,,-20,172
5,410,150,460,209,,,-260,50,,
5,490,,,453,511,676,,,58,223
5,280,170,475,247,,,-110,195,,
5,345,,,431,297,437,,,-134,6
5,530,,,366,298,343,,,-68,-23
5,280,,,345,413,507,,,68,162
5,510,565,815,580,,,55,305,,
5,245,210,605,660,,,-35,360,,
5,455,,,58,153,386,,,95,328
4,390,,,326,478,745,,,152,419
4,185,225,405,61,,,40,220,,
4,460,,,377,445,578,,,68,201
4,235,415,560,528,,,180,325,,
4,490,,,279,416,383,,,137,104
4,455,,,353,491,554,,,138,201
4,245,430,585,0,,,185,340,,
4,295,,,360,367,482,,,7,122
4,320,275,630,306,,,-45,310,,
4,190,,,216,249,334,,,33,118
4,180,310,395,0,,,130,215,,
5,-5,,,339,603,,,,264,
5,,,,234,234,277,,,0,43
5,-90,,,181,270,318,,,89,137
5,415,550,760,0,,,135,345,,
5,310,450,410,218,,,140,100,,
5,445,395,310,234,,,-50,-135,,
5,,,,447,490,465,,,43,18
5,380,275,300,0,,,-105,-80,,
5,310,310,290,0,,,0,-20,,
5,430,,,319,356,473,,,37,154
5,60,,,378,528,529,,,150,151
5,190,,,383,423,499,,,40,116
4,385,,,365,424,459,,,59,94
4,285,630,830,666,,,345,545,,
4,285,205,410,509,,,-80,125,,
4,465,,,476,530,654,,,54,178
4,490,,,502,625,875,,,123,373
4,270,280,385,322,,,10,115,,
4,190,145,285,0,,,-45,95,,
4,315,360,540,616,,,45,225,,
4,485,,,409,406,351,,,-3,-58
4,150,,,0,213,254,,,213,254
4,360,,,420,480,475,,,60,55
4,-10,,,353,485,486,,,132,133
4,235,,,423,420,494,,,-3,71
4,-25,,180,,,,,205,,
4,490,280,345,462,,,-210,-145,,
4,305,,,346,447,570,,,101,224
3,-125,35,360,0,,,160,485,,
3,-5,,,265,352,465,,,87,200
3,210,515,605,520,,,305,395,,
3,55,400,740,278,,,345,685,,
3,210,530,640,697,,,320,430,,
3,20,,,119,106,359,,,-13,240
3,60,,,65,123,316,,,58,251
3,160,,,410,471,496,,,61,86
3,170,,,324,298,417,,,-26,93
3,210,515,600,407,,,305,390,,
3,265,,,235,267,528,,,32,293
6,,,,401,318,521,,,-83,120
6,540,,,531,520,367,,,-11,-164
6,660,905,845,860,,,245,185,,
6,375,290,570,703,,,-85,195,,
6,-20,,,491,313,427,,,-178,-64
6,510,,,552,526,710,,,-26,158
6,,,,496,541,403,,,45,-93
6,135,385,310,664,,815,250,175,,151
6,360,575,665,731,,,215,305,,
6,240,,,680,765,837,,,85,157
6,505,630,675,756,,,125,170,,
3,370,520,635,677,,,150,265,,
3,395,,,440,553,702,,,113,262
3,120,240,665,350,,,120,545,,
3,-45,125,300,0,,,170,345,,
3,200,460,580,0,,,260,380,,
3,405,,,396,394,456,,,-2,60
3,75,,,196,253,441,,,57,245
3,195,,,175,318,373,,,143,198
3,-140,,,73,205,327,,,132,254
3,-25,185,400,555,,,210,425,,
3,,,,0,83,185,,,83,185
4,695,,,547,595,581,,,48,34
4,350,,,303,542,656,,,239,353
4,360,305,580,447,,,-55,220,,
4,315,275,515,569,,,-40,200,,
4,445,,,433,452,451,,,19,18
4,70,,,208,128,328,,,-80,120
4,290,325,645,493,,,35,355,,
4,330,460,545,549,,,130,215,,
4,180,,,351,311,398,,,-40,47
4,420,,,281,360,370,,,79,89
4,305,365,495,55,,,60,190,,
5,505,,525,,,,,20,,
5,345,545,590,1035,,,200,245,,
5,315,425,580,707,,,110,265,,
5,555,560,540,642,,,5,-15,,
5,445,,,617,605,673,,,-12,56
5,665,,,526,655,632,,,129,106
5,295,,,747,654,689,,,-93,-58
5,335,445,810,667,,,110,475,,
5,430,,,712,646,654,,,-66,-58
5,395,,,316,278,548,,,-38,232
5,575,,,713,789,944,,,76,231
3,20,,,247,131,175,,,-116,-72
3,280,315,,192,,,35,,,
3,395,,,346,485,349,,,139,3
3,265,,,244,282,373,,,38,129
3,265,,,261,323,275,,,62,14
3,260,280,295,407,,,20,35,,
3,255,415,535,655,,,160,280,,
3,15,105,225,538,,,90,210,,
3,440,,,241,207,410,,,-34,169
3,30,,,186,274,350,,,88,164
3,300,350,755,291,,,50,455,,
6,490,495,515,599,,,5,25,,
6,240,,,764,791,771,,,27,7
6,475,495,465,603,,,20,-10,,
6,745,795,910,1044,,,50,165,,
6,555,,,648,659,625,,,11,-23
6,745,,,734,,758,,,,24
6,425,595,545,838,,,170,120,,
6,675,,,598,,683,,,,85
6,270,,,654,716,842,,,62,188
6,740,680,835,802,,,-60,95,,
6,,,,880,,908,,,,28
3,180,340,560,0,,,160,380,,
3,70,,,168,573,529,,,405,361
3,220,,,231,266,370,,,35,139
3,135,270,645,0,,,135,510,,
3,160,,,462,445,425,,,-17,-37
5,490,,,469,542,585,,,73,116
5,245,,,320,424,514,,,104,194
5,505,,,624,729,807,,,105,183
5,505,530,615,312,,,25,110,,
5,400,725,935,0,,,325,535,,
5,410,550,725,536,,,140,315,,
5,25,,,308,367,518,,,59,210
5,890,,,366,597,801,,,231,435
5,470,525,695,579,,,55,225,,
5,385,435,695,453,,,50,310,,
5,50,,,361,513,643,,,152,282
3,375,,,0,0,,,,0,
3,350,275,,318,,,-75,,,
3,75,,,26,0,,,,-26,
3,230,220,,98,,,-10,,,
3,230,,,0,0,,,,0,
3,280,,,0,0,,,,0,
3,160,175,,0,,,15,,,
3,280,175,,0,,,-105,,,
3,245,,,0,0,,,,0,
3,420,,,293,339,490,,,46,197
3,375,390,490,838,,,15,115,,
3,230,,505,,,,,275,,
3,270,,,302,370,442,,,68,140
3,420,,,316,397,498,,,81,182
3,215,340,245,0,,,125,30,,
3,420,,,104,212,504,,,108,400
3,500,,,416,429,521,,,13,105
3,375,-55,215,0,,,-430,-160,,
3,250,200,265,172,,,-50,15,,
3,420,,,13,351,286,,,338,273
5,220,,,687,797,826,,,110,139
5,565,,,647,756,706,,,109,59
5,555,525,595,510,,,-30,40,,
5,590,,,375,512,673,,,137,298
5,425,635,725,593,,,210,300,,
5,455,,,674,587,638,,,-87,-36
5,545,750,785,583,,,205,240,,
5,435,,,731,644,640,,,-87,-91
5,810,,,714,924,833,,,210,119
5,595,690,550,334,,,95,-45,,
5,255,,,550,561,516,,,11,-34
5,475,365,370,662,,,-110,-105,,
5,865,,,649,999,1121,,,350,472
5,320,370,380,650,,,50,60,,
5,355,,,376,380,258,,,4,-118
5,590,750,870,453,,,160,280,,
5,415,605,570,265,,,190,155,,
5,760,,,593,596,602,,,3,9
5,915,,,671,774,791,,,103,120
5,665,395,520,221,,,-270,-145,,
5,405,,,296,394,414,,,98,118
5,400,,,405,576,,,,171,
5,565,275,395,404,,,-290,-170,,
5,570,585,705,548,,,15,135,,
5,600,760,690,368,,,160,90,,
5,460,,,517,604,538,,,87,21
5,380,,,414,658,824,,,244,410
4,295,375,510,505,,,80,215,,
4,275,,,0,0,157,,,0,157
4,235,,,0,0,0,,,0,0
4,330,185,455,475,,,-145,125,,
4,275,265,435,0,,,-10,160,,
4,95,,,115,160,262,,,45,147
4,320,260,20,333,,,-60,-300,,
4,400,330,,335,,,-70,,,
4,310,,,472,432,675,,,-40,203
4,240,,,182,384,584,,,202,402
4,215,,,95,108,261,,,13,166
4,530,550,645,773,,,20,115,,
4,125,,,461,439,546,,,-22,85
4,510,605,480,481,,,95,-30,,
4,330,,,405,630,684,,,225,279
4,435,,,582,685,798,,,103,216
4,475,645,825,765,,,170,350,,
4,665,,,460,552,770,,,92,310
4,625,570,685,629,,,-55,60,,
4,465,485,825,589,,,20,360,,
4,435,,,242,357,510,,,115,268
4,430,,,688,714,820,,,26,132
4,505,515,795,145,,,10,290,,
4,520,,,666,738,733,,,72,67
4,425,340,535,378,,,-85,110,,
4,565,,,581,565,648,,,-16,67
4,515,,,512,721,820,,,209,308
4,250,,,495,580,584,,,85,89
4,410,,,430,464,530,,,34,100
4,490,580,955,291,,,90,465,,
4,330,,,721,840,741,,,119,20
4,425,595,605,454,,,170,180,,
4,495,680,835,512,,,185,340,,
9,760,420,,,,,-340,,,
9,625,,,627,,600,,,,-27
9,,,,611,492,,,,-119,
9,,,,777,868,,,,91,
9,,,,863,,1120,,,,257
9,,,,699,,818,,,,119
9,,,,618,753,819,,,135,201
9,450,65,,929,,,-385,,,
9,,,,485,553,707,,,68,222
9,,,,605,280,362,,,-325,-243
9,,,,513,678,840,,,165,327
9,830,885,750,,,,55,-80,,
9,705,345,,,,,-360,,,
9,440,,,651,,755,,,,104
9,,,,681,,914,,,,233
9,385,380,,,,,-5,,,
9,,,,522,,516,,,,-6
9,420,175,,,,,-245,,,
9,,,,791,854,798,,,63,7
9,,,,452,,572,,,,120
9,705,200,500,,,,-505,-205,,
9,535,460,,,,,-75,,,
9,,,,712,734,896,,,22,184
9,585,,810,,,,,225,,
9,,,,785,640,630,,,-145,-155
9,605,435,590,,,,-170,-15,,
9,,,,573,640,813,,,67,240
9,710,620,920,,,,-90,210,,
9,,,,679,903,997,,,224,318
9,,,,884,922,985,,,38,101
9,565,,,568,582,,,,14,
9,675,755,600,,,,80,-75,,
9,,,,488,533,730,,,45,242
9,885,1185,1235,,,,300,350,,
9,,,,968,,930,,,,-38
9,200,365,690,716,,574,165,490,,-142
9,,,,472,502,554,,,30,82
9,,,,771,652,,,,-119,
9,,,,581,677,,,,96,
9,605,445,785,209,,,-160,180,,
9,,,,816,,861,,,,45
9,825,,755,,,,,-70,,
9,,,,917,987,1103,,,70,186
9,,,,773,800,781,,,27,8
9,570,370,720,,,,-200,150,,
9,355,230,535,848,,695,-125,180,,-153
9,,,,522,,630,,,,108
9,605,525,895,,,,-80,290,,
9,505,485,315,,,,-20,-190,,
9,,,,522,767,799,,,245,277
9,415,610,460,,,,195,45,,
9,570,,,555,548,618,,,-7,63
9,490,,,432,579,908,,,147,476
9,,,,645,872,1004,,,227,359
9,,,,774,823,896,,,49,122
9,915,,1105,,,,,190,,
9,,,,333,451,499,,,118,166
9,515,610,630,,,,95,115,,
9,540,460,565,,,,-80,25,,
9,450,180,225,540,,510,-270,-225,,-30
9,,,,408,524,487,,,116,79
9,580,425,595,379,,,-155,15,,
9,700,440,505,421,,,-260,-195,,
9,,,,809,809,780,,,0,-29
9,,,,721,786,837,,,65,116
9,610,,,760,553,555,,,-207,-205
9,295,120,310,641,,705,-175,15,,64
9,,,,360,,294,,,,-66
9,,,,794,935,986,,,141,192
9,590,525,700,,,,-65,110,,
9,,,,489,421,563,,,-68,74
9,,,,777,792,882,,,15,105
9,590,750,765,771,,1050,160,175,,279
9,255,,,519,422,543,,,-97,24
9,525,375,500,464,,535,-150,-25,,71
9,585,465,615,,,,-120,30,,
9,,,,642,577,680,,,-65,38
9,,,,832,872,828,,,40,-4
9,,,,555,528,717,,,-27,162
9,,,,388,540,570,,,152,182
9,,,,751,890,,,,139,
9,,,,406,593,,,,187,
9,645,710,860,,,,65,215,,
9,,,,485,699,,,,214,
9,730,,855,,,,,125,,
9,590,,,869,683,780,,,-186,-89
9,900,1080,1315,,,,180,415,,
9,,,,691,683,702,,,-8,11
9,,,,513,627,673,,,114,160
9,,,,368,451,584,,,83,216
9,615,810,915,,,,195,300,,
9,,,,616,889,948,,,273,332
9,935,925,1160,,,,-10,225,,
9,605,760,275,116,,812,155,-330,,696
9,440,450,525,,,,10,85,,
9,665,715,765,957,,1091,50,100,,134
9,,,,755,792,915,,,37,160
9,,,,738,884,943,,,146,205
9,735,540,675,,,,-195,-60,,
9,480,-150,385,200,,194,-630,-95,,-6
9,700,580,745,415,,673,-120,45,,258
9,,,,668,624,659,,,-44,-9
9,480,615,935,,,,135,455,,
9,,,,500,644,,,,144,
9,,,,450,503,620,,,53,170
9,,,,873,914,848,,,41,-25
9,850,,,1129,,1106,,,,-23
9,950,1210,1145,,,,260,195,,
9,630,315,730,,,,-315,100,,
9,,,,854,697,820,,,-157,-34
9,,,,452,519,,,,67,
9,765,845,,,,,80,,,
9,,,,952,1014,1093,,,62,141
9,,,,1038,1244,1234,,,206,196
9,965,870,810,,,,-95,-155,,
9,,,,734,,751,,,,17
9,655,630,790,,,,-25,135,,
9,,,,776,968,994,,,192,218
9,,,,414,349,687,,,-65,273
9,1005,840,1055,,,,-165,50,,
9,505,610,540,,,,105,35,,
9,,,,632,499,592,,,-133,-40
9,,,,596,536,765,,,-60,169
9,950,1100,940,,,,150,-10,,
9,915,1020,960,,,,105,45,,
9,,,,854,855,908,,,1,54
9,710,575,730,,,,-135,20,,
9,,,,842,869,889,,,27,47
9,465,430,300,659,,,-35,-165,,
9,,,,519,668,722,,,149,203
9,985,,975,,,,,-10,,
9,645,710,820,,,,65,175,,
9,,,,504,552,733,,,48,229
9,,,,451,,432,,,,-19
9,910,905,950,,,,-5,40,,
9,,,,687,650,754,,,-37,67
9,,,,345,362,414,,,17,69
9,670,780,790,,,,110,120,,
9,520,575,685,,,,55,165,,
9,805,905,715,,,,100,-90,,
9,,,,584,354,569,,,-230,-15
9,845,780,865,,,,-65,20,,
9,620,,610,,,,,-10,,
9,,,,788,814,835,,,26,47
9,,,,505,436,503,,,-69,-2
9,575,495,640,,,,-80,65,,
9,,,,672,673,823,,,1,151
9,,,,925,954,912,,,29,-13
9,,,,787,,706,,,,-81
8,,,,111,232,341,,,121,230
8,,,,504,392,687,,,-112,183
8,,,,589,567,,,,-22,
8,,,,502,492,,,,-10,
8,,,,169,294,465,,,125,296
8,250,260,,282,,,10,,,
8,,,,337,402,643,,,65,306
8,340,565,,,,,225,,,
8,555,650,,,,,95,,,
8,160,220,,520,,,60,,,
8,555,650,,563,,,95,,,
8,,,,689,515,,,,-174,
7,,,,132,,609,,,,477
7,235,310,,521,,,75,,,
7,420,450,655,556,,,30,235,,
7,310,535,565,,,,225,255,,
7,,,,546,733,600,,,187,54
7,,,,772,759,875,,,-13,103
7,135,485,300,,,,350,165,,
7,,,,519,471,497,,,-48,-22
7,90,370,365,342,,,280,275,,
7,,,,446,615,549,,,169,103
7,400,360,390,,,,-40,-10,,
7,,,,855,,722,,,,-133
7,,,,881,777,911,,,-104,30
8,465,395,650,,,,-70,185,,
8,,,,629,544,675,,,-85,46
8,655,295,460,,,,-360,-195,,
8,,,,726,682,708,,,-44,-18
8,,,,352,0,810,,,-352,458
8,,,,406,540,752,,,134,346
8,790,610,670,,,,-180,-120,,
8,,,,250,184,265,,,-66,15
8,755,780,685,,,,25,-70,,
8,,,,947,801,866,,,-146,-81
8,,,,752,825,916,,,73,164
8,710,835,1255,,,,125,545,,
8,,,,537,564,755,,,27,218
8,680,795,1285,,,,115,605,,
8,330,135,220,181,,,-195,-110,,
8,,,,817,567,706,,,-250,-111
8,,,,977,810,682,,,-167,-295
8,,,,839,721,762,,,-118,-77
8,265,540,550,527,,,275,285,,
8,555,460,555,309,,,-95,0,,
8,,,,668,699,782,,,31,114
8,,,,638,712,853,,,74,215
8,300,,325,503,,,,25,,
8,,,,482,419,495,,,-63,13
7,,,,238,355,296,,,117,58
7,,,,0,,455,,,,455
7,375,360,605,506,,,-15,230,,
7,255,330,325,926,,,75,70,,
7,,,,603,535,828,,,-68,225
7,,,,536,611,754,,,75,218
7,400,395,625,497,,,-5,225,,
7,,,,533,551,557,,,18,24
7,645,845,930,,,,200,285,,
7,,,,845,824,728,,,-21,-117
7,740,685,805,,,,-55,65,,
7,445,615,560,,,,170,115,,
7,,,,339,167,393,,,-172,54
7,,,,800,854,756,,,54,-44
7,,,,798,878,865,,,80,67
7,,,,791,830,834,,,39,43
7,460,530,570,,,,70,110,,
7,,,,581,574,529,,,-7,-52
7,,,,619,661,706,,,42,87
7,330,590,400,,,,260,70,,
7,435,,635,835,,,,200,,
8,,,,540,652,479,,,112,-61
8,330,515,400,785,,,185,70,,
8,375,375,360,739,,,0,-15,,
8,,,,539,414,640,,,-125,101
8,,,,286,503,518,,,217,232
8,500,590,755,,,,90,255,,
8,545,515,665,395,,,-30,120,,
8,,,,633,748,760,,,115,127
8,,,,584,604,656,,,20,72
8,,,,558,633,659,,,75,101
8,630,415,725,840,,,-215,95,,
6,,,,541,544,,,,3,
6,,,,212,,400,,,,188
6,,,,313,,954,,,,641
8,,,,719,582,286,,,-137,-433
6,,,,678,736,,,,58,
6,,,,307,,523,,,,216
8,,,,426,,616,,,,190
8,,,,369,356,506,,,-13,137
8,280,70,,164,,,-210,,,
6,335,385,,,,,50,,,
6,,,,515,670,,,,155,
8,,,,895,,668,,,,-227
6,,,,0,,106,,,,106
7,285,395,435,,,,110,150,,
7,,,,524,484,314,,,-40,-210
7,,,,813,,628,,,,-185
7,210,475,55,258,,,265,-155,,
7,,,,407,455,571,,,48,164
7,370,260,390,547,,,-110,20,,
7,,,,644,764,801,,,120,157
7,340,655,345,,,,315,5,,
7,,,,509,612,671,,,103,162
7,365,450,565,564,,,85,200,,
7,330,415,700,,,,85,370,,
8,,,,764,858,848,,,94,84
8,715,745,530,821,,,30,-185,,
8,195,215,225,310,,,20,30,,
8,770,610,700,,,,-160,-70,,
8,310,460,540,,,,150,230,,
8,,,,363,430,978,,,67,615
8,255,,525,,,,,270,,
8,,,,887,962,1056,,,75,169
8,855,840,520,,,,-15,-335,,
8,,,,613,824,801,,,211,188
8,490,,215,,,,,-275,,
8,,,,523,635,536,,,112,13
8,575,485,850,,,,-90,275,,
8,,,,602,703,606,,,101,4
8,,,,632,772,766,,,140,134
8,550,650,690,,,,100,140,,
8,,,,702,895,624,,,193,-78
8,,,,432,487,460,,,55,28
8,660,875,565,,,,215,-95,,
8,605,780,690,,,,175,85,,
8,,,,469,479,579,,,10,110
7,695,740,705,,,,45,10,,
7,605,445,625,586,,,-160,20,,
7,,,,207,310,315,,,103,108
7,605,495,855,496,,,-110,250,,
7,700,840,750,,,,140,50,,
7,425,280,690,427,,,-145,265,,
7,,,,669,797,824,,,128,155
7,,,,857,857,797,,,0,-60
7,,,,151,257,553,,,106,402
7,,,,857,931,886,,,74,29
7,,,,607,740,858,,,133,251
6,545,,655,,,,,110,,
6,325,215,405,,,,-110,80,,
6,,,,580,560,457,,,-20,-123
6,350,245,470,,,,-105,120,,
6,,,,412,506,627,,,94,215
6,,,,759,839,792,,,80,33
6,,,,332,244,351,,,-88,19
6,,,,366,707,800,,,341,434
6,585,490,920,,,,-95,335,,
6,,,,804,900,831,,,96,27
6,600,560,430,,,,-40,-170,,
7,220,220,210,538,,,0,-10,,
7,200,-5,110,36,,,-205,-90,,
7,,,,449,546,926,,,97,477
7,,,,0,484,452,,,484,452
7,,,,210,421,482,,,211,272
8,,,,443,335,158,,,-108,-285
8,,,,903,,844,,,,-59
8,,,,821,962,799,,,141,-22
8,495,320,480,279,,,-175,-15,,
8,,,,639,719,816,,,80,177
8,415,385,455,,,,-30,40,,
8,,,,942,,934,,,,-8
8,490,810,895,,,,320,405,,
8,,,,574,703,720,,,129,146
8,250,255,200,451,,,5,-50,,
6,,,,161,0,263,,,-161,102
6,365,,,385,659,839,,,274,454
6,,,,572,622,784,,,50,212
6,270,470,650,,,,200,380,,
6,250,160,360,,,,-90,110,,
6,360,570,570,,,,210,210,,
6,245,295,400,,,,50,155,,
6,,,,849,1008,1027,,,159,178
6,260,285,410,,,,25,150,,
6,195,380,370,152,,,185,175,,
6,,,,741,766,719,,,25,-22
6,,,,566,792,688,,,226,122
6,,,,365,413,772,,,48,407
6,210,25,325,225,,,-185,115,,
6,,,,481,475,757,,,-6,276
6,410,190,120,572,,,-220,-290,,
8,,,,716,752,549,,,36,-167
6,380,,310,,,,,-70,,
8,,,,640,650,402,,,10,-238
6,-40,135,-95,153,,,175,-55,,
6,565,550,615,,,,-15,50,,
8,,,,774,823,637,,,49,-137
6,325,600,160,39,,,275,-165,,
6,200,365,65,409,,,165,-135,,
8,,,,810,775,749,,,-35,-61
8,,,,808,874,650,,,66,-158
6,555,,610,763,,,,55,,
8,,,,703,797,829,,,94,126
8,,,,782,748,839,,,-34,57
6,375,570,230,,,,195,-145,,
8,,,,783,778,821,,,-5,38
8,,,,443,511,573,,,68,130
6,305,420,375,,,,115,70,,
6,565,820,395,,,,255,-170,,
6,280,555,440,,,,275,160,,
6,205,480,170,,,,275,-35,,
8,,,,613,616,521,,,3,-92
8,,,,549,565,612,,,16,63
6,,,,352,462,604,,,110,252
6,,,,711,,734,,,,23
6,,,,362,,394,,,,32
6,,,,416,419,,,,3,
6,295,265,245,742,,,-30,-50,,
6,375,390,475,805,,,15,100,,
6,,,,343,390,534,,,47,191
6,620,440,685,797,,,-180,65,,
6,395,230,520,763,,,-165,125,,
6,125,80,350,353,,,-45,225,,
3,250,215,,210,,,-35,,,
3,50,410,,0,,,360,,,
3,175,,,0,139,,,,139,
3,290,,,0,0,,,,0,
3,560,,,68,141,,,,73,
3,280,,,0,361,,,,361,
3,215,220,,0,0,,5,,0,
3,315,275,,0,,,-40,,,
3,415,45,,0,,,-370,,,
3,485,,,0,413,,,,413,
3,330,275,,337,,,-55,,,
4,635,,,490,604,775,,,114,285
4,410,320,600,760,,,-90,190,,
4,625,820,960,647,,,195,335,,
4,560,885,695,795,,,325,135,,
4,505,625,665,586,,,120,160,,
4,330,660,965,0,,,330,635,,
4,445,,,518,703,749,,,185,231
4,490,,,414,681,649,,,267,235
4,490,,,286,393,489,,,107,203
4,295,215,730,186,,,-80,435,,
4,95,,,478,517,582,,,39,104
5,270,,,527,586,641,,,59,114
5,500,,,400,585,717,,,185,317
5,360,,,238,318,396,,,80,158
5,10,180,260,231,,,170,250,,
5,155,95,135,0,,,-60,-20,,
5,225,,,115,362,394,,,247,279
5,335,,,272,408,421,,,136,149
5,510,605,430,316,,,95,-80,,
5,385,40,345,448,,,-345,-40,,
5,235,,,127,280,373,,,153,246
5,45,345,290,343,,,300,245,,
3,435,,,285,426,463,,,141,178
3,430,,,157,343,268,,,186,111
3,385,345,605,0,,,-40,220,,
3,390,430,675,498,,,40,285,,
4,475,,,533,666,697,,,133,164
4,585,,,540,556,698,,,16,158
4,345,270,660,546,,,-75,315,,
4,730,,,693,741,775,,,48,82
4,255,,,0,86,317,,,86,317
4,340,285,580,276,,,-55,240,,
4,450,,,195,489,590,,,294,395
4,420,475,720,422,,,55,300,,
4,295,265,455,399,,,-30,160,,
4,480,,,690,615,,,,-75,
4,190,240,290,0,,,50,100,,
3,300,300,395,39,,,0,95,,
3,120,,,0,0,0,,,0,0
3,205,,,91,173,241,,,82,150
3,145,285,605,0,,,140,460,,
3,210,310,570,327,,,100,360,,
3,315,45,280,0,,,-270,-35,,
3,40,70,,167,0,388,30,,-167,221
3,125,,,0,0,155,,,0,155
3,330,,,99,157,462,,,58,363
3,-115,,,0,0,0,,,0,0
3,270,225,425,0,,,-45,155,,
5,435,,,256,299,423,,,43,167
5,540,,,534,565,606,,,31,72
5,500,560,670,800,,,60,170,,
5,630,,,887,590,723,,,-297,-164
5,635,,,584,612,765,,,28,181
5,335,340,365,0,,,5,30,,
5,410,,,196,366,370,,,170,174
5,450,,,413,517,565,,,104,152
5,390,685,525,373,,,295,135,,
5,285,300,335,281,,,15,50,,
5,530,580,740,502,,,50,210,,
3,,,,218,242,,,,24,
3,205,210,,0,,,5,,,
5,270,,,346,340,401,,,-6,55
5,140,,,248,360,356,,,112,108
5,-105,180,5,0,,,285,110,,
5,-10,,,157,151,110,,,-6,-47
5,240,255,240,0,,,15,0,,
5,335,305,375,132,,,-30,40,,
5,450,625,850,546,,,175,400,,
5,330,,,360,484,550,,,124,190
5,530,,,553,647,699,,,94,146
5,270,,,170,420,566,,,250,396
5,300,295,280,0,,,-5,-20,,
5,640,650,735,761,,,10,95,,
5,445,520,925,571,,,75,480,,
5,395,405,510,53,,,10,115,,
5,620,,,0,459,605,,,459,605
5,670,815,850,713,,,145,180,,
5,555,,,0,241,361,,,241,361
5,425,,,608,702,771,,,94,163
5,640,780,835,510,,,140,195,,
5,610,,,732,837,900,,,105,168
5,655,,,545,698,856,,,153,311
5,240,605,895,544,,,365,655,,
4,170,,,287,406,581,,,119,294
4,380,285,320,429,,,-95,-60,,
4,-45,,,0,0,0,,,0,0
4,320,265,730,0,,,-55,410,,
4,150,295,260,0,,,145,110,,
4,390,265,690,0,,,-125,300,,
4,360,445,540,390,,,85,180,,
4,215,,,371,271,376,,,-100,5
4,45,,,97,102,144,,,5,47
4,200,,,322,259,418,,,-63,96
4,-85,,,0,0,178,,,0,178
3,290,385,750,13,,,95,460,,
3,280,290,280,0,,,10,0,,
3,235,,,0,0,113,,,0,113
3,300,,,407,308,441,,,-99,34
3,325,305,475,422,,,-20,150,,
3,475,,,188,656,727,,,468,539
3,280,,,33,376,627,,,343,594
3,295,,,370,491,536,,,121,166
3,295,405,590,506,,,110,295,,
3,475,,,193,314,455,,,121,262
3,300,225,915,5,,,-75,615,,
3,470,,,407,614,664,,,207,257
3,505,,,166,387,447,,,221,281
3,70,190,525,0,,,120,455,,
3,270,495,715,318,,,225,445,,
3,55,400,115,531,,,345,60,,
3,365,295,460,523,,,-70,95,,
3,460,,,334,490,599,,,156,265
3,-30,,,0,0,0,,,0,0
3,235,480,310,409,,,245,75,,
3,,,,0,0,0,,,0,0
5,435,,,768,747,802,,,-21,34
5,285,565,805,616,,,280,520,,
5,70,,,504,499,589,,,-5,85
5,615,,,768,750,894,,,-18,126
5,-85,770,640,679,,,855,725,,
5,400,755,770,555,505,,355,370,-50,
5,-85,,,470,365,744,,,-105,274
5,270,270,360,258,,,0,90,,
5,285,360,345,675,,,75,60,,
5,395,,,507,476,522,,,-31,15
5,320,,,568,661,805,,,93,237
4,465,,,724,786,835,,,62,111
4,250,,,239,493,589,,,254,350
4,395,360,515,599,,,-35,120,,
4,320,335,685,379,,,15,365,,
4,465,,,663,720,785,,,57,122
7,,,,254,378,,,,124,
8,,,,499,613,,,,114,
6,,,,397,534,,,,137,
7,,,,666,465,,,,-201,
8,385,735,,,,,350,,,
7,,,,373,553,,,,180,
8,510,730,,,,,220,,,
6,320,435,,,,,115,,,
6,,,,369,,0,,,,-369
6,,,,477,547,,,,70,
7,635,635,,,,,0,,,
7,540,,850,,,,,310,,
7,,,,873,1115,1186,,,242,313
7,630,895,1000,,,,265,370,,
7,,,,978,,995,,,,17
7,220,280,560,,,,60,340,,
7,635,790,925,,,,155,290,,
7,710,,920,,,,,210,,
7,,,,810,1079,1055,,,269,245
7,,,,648,802,900,,,154,252
7,550,600,585,,,,50,35,,
7,585,600,1085,,,,15,500,,
7,725,870,1075,,,,145,350,,
7,,,,789,977,1007,,,188,218
7,735,975,1105,,,,240,370,,
7,,,,857,805,919,,,-52,62
7,,,,179,430,738,,,251,559
7,,,,859,971,1016,,,112,157
7,285,525,435,,,,240,150,,
7,535,740,1075,,,,205,540,,
7,,,,565,501,628,,,-64,63
7,,,,949,,853,,,,-96
7,,,,554,757,827,,,203,273
7,,,,615,706,784,,,91,169
7,,,,437,519,526,,,82,89
7,740,730,985,,,,-10,245,,
7,745,865,775,,,,120,30,,
7,755,840,895,,,,85,140,,
7,,,,635,671,789,,,36,154
7,610,715,730,,,,105,120,,
6,,,,862,774,793,,,-88,-69
6,350,455,1065,,,,105,715,,
6,250,585,905,,,,335,655,,
6,,,,453,404,539,,,-49,86
6,,,,831,528,654,,,-303,-177
6,,,,282,423,491,,,141,209
6,,,,909,,939,,,,30
6,165,215,515,,,,50,350,,
6,325,385,945,,,,60,620,,
6,,,,299,535,639,,,236,340
8,570,935,830,,,,365,260,,
8,,,,360,484,543,,,124,183
7,,,,572,753,734,,,181,162
8,,,,392,492,586,,,100,194
8,680,835,590,,,,155,-90,,
8,,,,618,614,633,,,-4,15
8,,,,267,530,776,,,263,509
8,,,,563,485,404,,,-78,-159
8,750,745,805,677,,,-5,55,,
8,,,,745,726,907,,,-19,162
8,570,690,795,718,,,120,225,,
8,260,695,640,667,,,435,380,,
8,,,,576,650,722,,,74,146
8,,,,518,447,549,,,-71,31
8,,,,677,822,799,,,145,122
8,615,,775,,,,,160,,
8,,,,974,1005,1132,,,31,158
8,,,,459,467,517,,,8,58
8,,,,378,328,516,,,-50,138
8,325,,825,,,,,500,,
8,750,705,500,,,,-45,-250,,
8,430,370,395,,,,-60,-35,,
8,,,,379,526,519,,,147,140
6,660,685,810,,,,25,150,,
6,170,345,935,,,,175,765,,
6,,,,666,593,634,,,-73,-32
6,470,570,860,,,,100,390,,
6,765,380,755,,,,-385,-10,,
6,,,,767,,829,,,,62
6,,,,843,,777,,,,-66
6,,,,608,639,807,,,31,199
6,265,325,235,,,,60,-30,,
6,325,,585,,,,,260,,
6,,,,309,329,193,,,20,-116
6,695,655,620,648,,,-40,-75,,
6,,,,163,261,424,,,98,261
6,,,,126,323,340,,,197,214
6,,,,450,404,516,,,-46,66
6,285,385,380,594,,,100,95,,
6,475,445,715,455,,,-30,240,,
6,445,540,705,,,,95,260,,
6,215,200,700,0,,,-15,485,,
6,,,,621,826,946,,,205,325
7,570,835,,,,,265,,,
7,,,,341,458,,,,117,
7,730,715,,758,,,-15,,,
7,,,,680,699,,,,19,
7,745,565,,,,,-180,,,
7,390,640,,,,,250,,,
7,,,,878,866,,,,-12,
8,,,,755,,742,,,,-13
7,310,645,,468,,,335,,,
7,,,,934,851,,,,-83,
8,,,,204,,592,,,,388
8,425,315,,801,,,-110,,,
8,,,,358,,628,,,,270
7,,,,392,465,659,,,73,267
8,,,,584,,529,,,,-55
7,725,765,,,,,40,,,
7,,,,563,721,,,,158,
8,,,,0,,449,,,,449
7,,,,0,439,,,,439,
7,300,560,500,,,,260,200,,
7,,,,224,195,529,,,-29,305
7,,,,716,857,753,,,141,37
7,,,,626,850,856,,,224,230
7,495,,505,556,,,,10,,
7,,,,799,890,602,,,91,-197
7,755,,390,480,,,,-365,,
7,,,,804,726,728,,,-78,-76
7,125,200,390,245,,,75,265,,
7,640,195,560,451,,,-445,-80,,
7,,,,756,641,814,,,-115,58
8,545,830,890,565,,,285,345,,
8,,,,632,690,747,,,58,115
8,785,885,810,,,,100,25,,
8,,,,747,632,705,,,-115,-42
8,,,,591,625,619,,,34,28
7,,,,573,524,543,,,-49,-30
7,,,,544,670,1054,,,126,510
7,260,550,585,,,,290,325,,
7,465,475,565,,,,10,100,,
7,485,670,710,,,,185,225,,
7,,,,614,725,839,,,111,225
7,525,530,725,838,,,5,200,,
7,610,570,700,,,,-40,90,,
7,,,,722,648,792,,,-74,70
7,,,,613,650,351,,,37,-262
7,,,,829,888,927,,,59,98
7,260,240,445,,,,-20,185,,
7,,,,159,0,0,,,-159,-159
7,565,600,215,,,,35,-350,,
7,,,,220,368,744,,,148,524
7,,,,744,705,861,,,-39,117
7,360,395,525,,,,35,165,,
7,,,,906,898,854,,,-8,-52
7,505,850,740,,,,345,235,,
7,,,,832,876,946,,,44,114
7,520,605,805,,,,85,285,,
7,,,,418,559,480,,,141,62
8,,,,726,786,846,,,60,120
8,,,,588,529,782,,,-59,194
8,,,,255,205,366,,,-50,111
8,570,515,450,771,,,-55,-120,,
8,595,515,475,792,,,-80,-120,,
8,855,500,730,,,,-355,-125,,
8,485,835,755,703,,,350,270,,
8,,,,443,625,819,,,182,376
8,,,,675,739,852,,,64,177
8,,,,707,639,803,,,-68,96
7,390,510,765,,,,120,375,,
7,,,,751,549,458,,,-202,-293
7,575,890,915,,,,315,340,,
7,,,,505,613,462,,,108,-43
7,,,,256,168,314,,,-88,58
7,85,370,435,469,,,285,350,,
7,,,,268,429,574,,,161,306
7,685,680,730,,,,-5,45,,
7,,,,755,806,802,,,51,47
7,705,495,580,,,,-210,-125,,
7,,,,51,221,517,,,170,466
7,790,615,900,,,,-175,110,,
7,,,,842,967,977,,,125,135
7,,,,489,704,669,,,215,180
7,760,715,855,,,,-45,95,,
7,625,780,960,,,,155,335,,
7,,,,912,892,848,,,-20,-64
7,,,,198,,398,,,,200
7,520,635,730,,,,115,210,,
7,,,,766,781,884,,,15,118
7,555,765,485,,,,210,-70,,
7,,,,856,927,865,,,71,9
8,,,,864,1207,1274,,,343,410
8,490,245,210,506,,,-245,-280,,
8,400,55,300,254,,,-345,-100,,
8,515,675,750,,,,160,235,,
8,,,,773,746,829,,,-27,56
8,455,605,730,,,,150,275,,
8,,,,790,901,882,,,111,92
8,395,55,95,570,,,-340,-300,,
8,,,,886,941,932,,,55,46
8,565,,475,398,,,,-90,,
8,,,,410,509,574,,,99,164
9,,,,537,,524,,,,-13
9,730,600,,586,,,-130,,,
9,,,,953,1137,,,,184,
9,,,,668,773,,,,105,
9,,,,866,817,,,,-49,
9,,,,1028,1064,,,,36,
10,610,565,,,,,-45,,,
10,,,,929,956,,,,27,
9,,,,658,552,,,,-106,
9,,,,959,1132,,,,173,
9,930,865,,,,,-65,,,
9,240,600,,,,,360,,,
9,,,,883,830,,,,-53,
9,300,510,,,,,210,,,
9,390,530,,,,,140,,,
9,525,405,,,,,-120,,,
9,,,,760,805,,,,45,
10,,,,956,1063,1146,,,107,190
10,845,870,1205,,,,25,360,,
10,,,,926,942,993,,,16,67
10,,,,935,822,1169,,,-113,234
10,,,,527,808,813,,,281,286
10,735,565,995,748,,,-170,260,,
10,720,925,1180,,,,205,460,,
10,,,,703,631,754,,,-72,51
10,800,930,1020,,,,130,220,,
10,600,600,680,,,,0,80,,
9,455,560,885,596,,,105,430,,
9,,,,617,672,739,,,55,122
9,550,685,795,,,,135,245,,
9,635,940,1025,,,,305,390,,
9,,,,934,869,939,,,-65,5
9,,,,733,797,830,,,64,97
9,580,435,710,,,,-145,130,,
9,845,925,1055,,,,80,210,,
9,,,,804,848,845,,,44,41
9,,,,984,1179,1127,,,195,143
9,,,,850,1004,1032,,,154,182
10,,,,893,911,947,,,18,54
10,980,895,955,,,,-85,-25,,
10,,,,923,880,792,,,-43,-131
10,,,,1000,958,978,,,-42,-22
10,540,320,735,,,,-220,195,,
10,,,,672,593,679,,,-79,7
10,810,310,570,,,,-500,-240,,
10,660,915,1095,,,,255,435,,
10,755,815,775,,,,60,20,,
10,,,,784,718,862,,,-66,78
10,,,,811,863,917,,,52,106
10,930,1155,1015,,,,225,85,,
10,,,,972,1155,1188,,,183,216
10,,,,884,924,938,,,40,54
10,690,905,925,,,,215,235,,
9,730,860,765,,,,130,35,,
9,,,,465,499,528,,,34,63
9,,,,752,771,802,,,19,50
9,,,,549,524,540,,,-25,-9
9,,,,659,725,692,,,66,33
9,285,480,485,,,,195,200,,
9,,,,759,,879,,,,120
9,810,765,745,,,,-45,-65,,
9,795,295,265,327,,,-500,-530,,
9,325,435,720,,,,110,395,,
10,795,790,605,,,,-5,-190,,
10,,,,884,802,,,,-82,
10,615,,680,,,,,65,,
10,,,,496,477,506,,,-19,10
10,575,515,675,804,,,-60,100,,
10,300,,,634,487,601,,,-147,-33
10,920,1075,810,,,,155,-110,,
10,,,,729,675,896,,,-54,167
10,440,360,240,796,,,-80,-200,,
10,,,,687,419,603,,,-268,-84
10,,,,951,753,880,,,-198,-71
9,,,,548,641,833,,,93,285
9,,,,526,548,619,,,22,93
9,835,575,720,,,,-260,-115,,
9,,,,664,657,747,,,-7,83
9,605,425,510,,,,-180,-95,,
9,565,675,615,,,,110,50,,
9,,,,796,941,1020,,,145,224
9,455,520,710,,,,65,255,,
9,540,690,505,,,,150,-35,,
9,,,,852,941,1001,,,89,149
9,745,,670,,,,,-75,,
9,,,,906,909,,,,3,
9,,,,750,726,816,,,-24,66
9,,,,1035,1087,1109,,,52,74
9,590,675,440,,,,85,-150,,
9,,,,981,831,782,,,-150,-199
9,305,425,475,,,,120,170,,
9,,,,796,751,835,,,-45,39
10,725,,565,1229,,,,-160,,
10,765,520,640,,,,-245,-125,,
10,650,590,605,,,,-60,-45,,
10,840,945,800,,,,105,-40,,
10,,,,955,887,896,,,-68,-59
10,,,,787,989,978,,,202,191
10,,,,744,991,981,,,247,237
10,920,880,750,,,,-40,-170,,
10,,,,967,1035,1044,,,68,77
9,,,,1015,,1251,,,,236
8,,,,369,,807,,,,438
8,540,450,,,,,-90,,,
7,,,,623,,668,,,,45
7,,,,840,,904,,,,64
8,,,,835,821,846,,,-14,11
7,,,,789,,695,,,,-94
7,780,705,,,,,-75,,,
8,,,,813,,853,,,,40
8,,,,875,,971,,,,96
8,,,,732,,866,,,,134
8,,,,771,,910,,,,139
6,,,,637,567,513,,,-70,-124
7,635,,645,,,,,10,,
7,415,,290,,,,,-125,,
7,445,,485,,,,,40,,
7,,,,495,,544,,,,49
7,,,,625,,809,,,,184
7,375,,665,,,,,290,,
7,540,,585,,,,,45,,
7,,,,495,,514,,,,19
6,770,570,860,333,,,-200,90,,
6,290,325,490,554,,,35,200,,
6,,,,389,381,725,,,-8,336
6,,,,669,592,691,,,-77,22
6,,,,773,752,778,,,-21,5
6,,,,650,685,804,,,35,154
6,,,,246,353,694,,,107,448
6,320,265,370,313,,,-55,50,,
6,195,505,235,547,,,310,40,,
6,180,290,405,719,,,110,225,,
6,,,,498,586,641,,,88,143
6,,,,533,487,573,,,-46,40
6,,,,377,301,292,,,-76,-85
6,,,,230,219,326,,,-11,96
6,-40,180,210,0,,,220,250,,
6,760,730,585,784,,,-30,-175,,
6,165,405,210,460,,,240,45,,
6,615,865,700,311,,,250,85,,
6,,,,149,271,551,,,122,402
6,,,,666,620,693,,,-46,27
6,,,,491,516,630,,,25,139
6,255,425,505,226,,,170,250,,
8,,,,668,622,512,,,-46,-156
8,810,,,836,,887,,,,51
8,535,,415,233,,955,,-120,,722
8,395,,360,786,,,,-35,,
8,,,,398,491,683,,,93,285
8,285,275,510,672,,,-10,225,,
8,,,,601,880,1173,,,279,572
8,,,,440,546,749,,,106,309
8,325,,30,761,,,,-295,,
8,215,,550,819,,,,335,,
8,620,780,310,459,,,160,-310,,
8,,,,424,475,617,,,51,193
8,725,825,,827,,,100,,,
8,,,,265,238,349,,,-27,84
8,,,,530,619,556,,,89,26
7,,,,613,627,833,,,14,220
7,285,480,300,573,,,195,15,,
7,,,,631,674,764,,,43,133
7,,,,0,,0,,,,0
7,520,425,420,423,,,-95,-100,,
7,,,,487,603,748,,,116,261
7,660,675,795,736,,,15,135,,
7,,,,534,603,663,,,69,129
7,340,485,865,646,,,145,525,,
7,165,,250,268,,,,85,,
7,510,550,605,788,,,40,95,,
7,,,,625,615,822,,,-10,197
7,,,,654,665,876,,,11,222
7,,,,512,490,395,,,-22,-117
7,,,,156,146,409,,,-10,253
8,485,580,695,,,,95,210,,
8,,,,629,706,578,,,77,-51
8,,,,835,929,840,,,94,5
8,585,700,580,,,,115,-5,,
8,,,,658,682,618,,,24,-40
8,,,,753,597,451,,,-156,-302
8,555,535,770,,,,-20,215,,
8,425,405,,,,,-20,,,
8,,,,809,775,639,,,-34,-170
8,,,,536,735,741,,,199,205
6,,,,683,600,461,,,-83,-222
6,405,255,160,396,,,-150,-245,,
6,,,,306,410,663,,,104,357
6,,,,485,508,845,,,23,360
6,360,325,445,420,,,-35,85,,
6,,,,756,,887,,,,131
6,,,,568,520,526,,,-48,-42
6,405,310,670,,,,-95,265,,
6,420,805,570,352,,,385,150,,
6,515,350,595,761,,,-165,80,,
8,,,,781,812,901,,,31,120
8,385,,230,705,,,,-155,,
8,,,,390,,707,,,,317
8,,,,653,719,534,,,66,-119
8,340,335,-180,40,,,-5,-520,,
8,175,465,530,215,,,290,355,,
8,155,,,0,,0,,,,0
8,,,,234,504,458,,,270,224
8,,,,340,336,,,,-4,
8,510,,720,776,,,,210,,
8,790,865,550,510,,,75,-240,,
7,500,625,605,565,,,125,105,,
7,545,470,680,523,,,-75,135,,
7,,,,745,592,814,,,-153,69
7,210,580,585,780,,,370,375,,
7,585,,,226,,720,,,,494
7,,,,674,596,458,,,-78,-216
7,370,400,460,702,,,30,90,,
7,,,,871,,768,,,,-103
7,445,455,500,598,,,10,55,,
7,340,,,520,,663,,,,143
7,,,,533,541,394,,,8,-139
9,305,375,,,,,70,,,
9,575,585,,,,,10,,,
10,425,400,,,,,-25,,,
9,,,,353,448,406,,,95,53
9,660,735,,,,,75,,,
9,260,255,530,,,,-5,270,,
9,525,,540,,,,,15,,
9,785,810,860,716,,,25,75,,
9,560,810,965,740,,,250,405,,
9,100,400,455,,,,300,355,,
9,,,,962,926,933,,,-36,-29
9,,,,795,949,835,,,154,40
9,595,,,787,878,935,,,91,148
9,555,,,349,532,628,,,183,279
9,350,,,521,670,907,,,149,386
9,945,1110,1045,,,,165,100,,
9,600,705,760,,,,105,160,,
9,460,735,800,,,,275,340,,
9,695,635,705,,,,-60,10,,
9,,,,755,839,900,,,84,145
9,,,,807,910,935,,,103,128
9,855,,830,1054,,,,-25,,
9,830,760,860,,,,-70,30,,
9,675,,,546,726,644,,,180,98
9,,,,579,825,888,,,246,309
9,585,660,585,,,,75,0,,
9,675,950,875,,,,275,200,,
9,700,,,609,670,718,,,61,109
9,755,,,385,383,445,,,-2,60
9,740,670,790,,,,-70,50,,
9,560,645,575,,,,85,15,,
9,725,825,740,882,,,100,15,,
9,735,,,869,893,854,,,24,-15
9,840,,,664,782,780,,,118,116
9,,,,533,620,667,,,87,134
9,460,,,626,710,789,,,84,163
9,515,385,605,437,,,-130,90,,
9,,,,918,864,836,,,-54,-82
9,725,965,1000,,,,240,275,,
9,650,,,474,542,782,,,68,308
9,490,645,790,,,,155,300,,
9,,,,868,904,858,,,36,-10
9,770,840,985,807,,,70,215,,
9,,,,574,532,500,,,-42,-74
9,300,690,980,818,,,390,680,,
9,845,,,578,796,874,,,218,296
9,655,680,785,,,,25,130,,
9,,,,980,981,1051,,,1,71
9,545,780,605,449,,,235,60,,
9,,,,510,676,987,,,166,477
9,,,,585,644,698,,,59,113
9,410,550,625,425,,,140,215,,
9,475,,,409,516,551,,,107,142
9,560,555,700,,,,-5,140,,
9,860,,,908,919,880,,,11,-28
9,575,,,658,728,757,,,70,99
9,845,670,690,,,,-175,-155,,
9,460,400,500,319,,,-60,40,,
9,905,500,735,,,,-405,-170,,
9,550,,,696,770,815,,,74,119
9,615,,,653,674,824,,,21,171
9,,,,522,701,657,,,179,135
10,930,605,330,731,,,-325,-600,,
9,715,920,830,919,,,205,115,,
9,,,,31,160,186,,,129,155
9,495,380,735,1109,,,-115,240,,
9,350,480,595,,,,130,245,,
9,125,340,,590,532,394,215,,-58,-196
9,485,360,,501,335,507,-125,,-166,6
9,,,,30,18,139,,,-12,109
9,,,,968,993,,,,25,
9,,,,864,,821,,,,-43
9,540,570,,555,,,30,,,
9,,,,650,723,798,,,73,148
9,365,,,831,,848,,,,17
9,170,430,,824,,,260,,,
9,285,,,407,533,,,,126,
9,,,,893,1101,1207,,,208,314
9,,,,548,513,537,,,-35,-11
9,,,,192,269,,,,77,
9,,,,898,945,999,,,47,101
9,590,,,891,,1018,,,,127
9,560,,,457,596,651,,,139,194
9,,,,885,953,1068,,,68,183
9,,,,844,851,956,,,7,112
9,550,705,755,860,,1007,155,205,,147
9,,,,654,528,635,,,-126,-19
9,515,425,675,50,,,-90,160,,
9,,,,371,497,476,,,126,105
9,,,,522,523,765,,,1,243
9,430,495,480,803,832,,65,50,29,
9,625,,620,1084,875,846,,-5,-209,-238
9,,,,697,349,373,,,-348,-324
9,775,865,930,1131,1088,1181,90,155,-43,50
9,,,,783,738,673,,,-45,-110
9,485,750,810,836,,900,265,325,,64
9,525,640,670,671,632,661,115,145,-39,-10
9,110,290,305,538,731,719,180,195,193,181
9,490,510,655,956,,910,20,165,,-46
9,,,,820,911,1016,,,91,196
9,,,,864,1325,1163,,,461,299
9,,,,706,715,818,,,9,112
9,,,,615,784,855,,,169,240
9,775,620,695,1059,,1105,-155,-80,,46
9,,,,808,951,988,,,143,180
9,425,,,532,498,329,,,-34,-203
9,,,,717,784,703,,,67,-14
9,175,,,552,587,635,,,35,83
9,,,,769,978,1056,,,209,287
9,,,,986,1050,938,,,64,-48
9,,,,849,900,1065,,,51,216
10,580,,725,199,,,,145,,
9,245,10,155,0,,,-235,-90,,
9,530,305,690,764,492,489,-225,160,-272,-275
9,265,280,405,775,888,800,15,140,113,25
9,620,,465,0,,,,-155,,
9,,,,427,606,623,,,179,196
9,590,365,490,671,856,821,-225,-100,185,150
9,,,,917,862,920,,,-55,3
9,,,,568,588,610,,,20,42
9,535,545,505,1259,1135,1195,10,-30,-124,-64
9,420,380,,979,880,910,-40,,-99,-69
9,335,455,525,758,856,922,120,190,98,164
9,705,845,840,989,1025,1032,140,135,36,43
9,405,690,615,718,649,,285,210,-69,
9,,,,290,602,756,,,312,466
9,360,690,625,888,1000,1067,330,265,112,179
9,855,835,935,744,863,982,-20,80,119,238
9,,,,805,878,865,,,73,60
9,,,,644,529,681,,,-115,37
9,,,,867,894,908,,,27,41
9,,,,137,195,455,,,58,318
9,,,,565,887,953,,,322,388
9,365,720,740,569,,794,355,375,,225
9,365,180,535,724,,709,-185,170,,-15
9,320,765,440,812,,1072,445,120,,260
9,530,515,580,687,637,733,-15,50,-50,46
9,,,,542,465,511,,,-77,-31
9,535,590,450,737,892,962,55,-85,155,225
9,400,695,690,784,,626,295,290,,-158
9,,,,835,894,870,,,59,35
9,,,,460,590,640,,,130,180
9,,,,911,973,1025,,,62,114
9,440,450,525,827,750,794,10,85,-77,-33
9,765,1030,980,1174,1107,1178,265,215,-67,4
9,,,,914,993,1013,,,79,99
9,845,605,910,836,962,1069,-240,65,126,233
9,,,,773,1085,967,,,312,194
9,,,,696,616,654,,,-80,-42
9,,,,876,928,912,,,52,36
9,770,500,685,633,,544,-270,-85,,-89
9,,,,520,526,721,,,6,201
9,,,,983,993,1047,,,10,64
9,305,425,555,537,624,733,120,250,87,196
9,605,680,675,902,860,834,75,70,-42,-68
9,635,455,440,736,655,793,-180,-195,-81,57
9,260,330,325,351,,,70,65,,
9,660,830,825,519,624,576,170,165,105,57
9,390,495,760,807,792,823,105,370,-15,16
9,525,230,505,811,687,640,-295,-20,-124,-171
9,,,,864,876,940,,,12,76
9,,,,719,760,811,,,41,92
9,,,,666,760,,,,94,
9,610,760,,528,611,681,150,,83,153
9,,,,981,1162,1069,,,181,88
9,,,,884,1004,1093,,,120,209
9,,,,567,802,848,,,235,281
9,,,,1026,1037,1140,,,11,114
9,,,,813,838,931,,,25,118
9,,,,726,681,746,,,-45,20
9,590,675,350,263,454,500,85,-240,191,237
9,390,535,475,462,523,660,145,85,61,198
9,930,280,395,660,,797,-650,-535,,137
9,280,385,365,554,569,580,105,85,15,26
9,295,585,360,846,955,880,290,65,109,34
9,,,,964,1020,981,,,56,17
6,,,,173,41,,,,-132,
6,,,,152,0,,,,-152,
6,,,,805,758,,,,-47,
6,,,,264,264,,,,0,
6,590,505,,,,,-85,,,
6,590,365,,,,,-225,,,
6,,,,447,,764,,,,317
6,635,840,,,,,205,,,
6,430,330,475,,,,-100,45,,
6,415,285,,,,,-130,,,
6,,,,633,621,723,,,-12,90
6,,,,914,,869,,,,-45
6,,,,654,593,371,,,-61,-283
7,,,,797,756,,,,-41,
7,560,345,480,,,,-215,-80,,
7,,,,703,,780,,,,77
7,,,,495,567,597,,,72,102
7,,,,327,143,26,,,-184,-301
7,,,,854,805,823,,,-49,-31
7,,,,639,753,505,,,114,-134
7,410,340,790,,,,-70,380,,
7,330,430,455,778,,,100,125,,
7,815,695,740,,,,-120,-75,,
7,490,530,655,,,,40,165,,
8,380,520,460,,,,140,80,,
8,495,490,195,504,,,-5,-300,,
8,,,,623,442,542,,,-181,-81
8,,,,725,631,840,,,-94,115
8,,,,796,645,634,,,-151,-162
6,240,390,510,,,,150,270,,
6,,,,615,410,362,,,-205,-253
6,,,,558,563,539,,,5,-19
6,435,345,605,,,,-90,170,,
6,525,650,820,,,,125,295,,
6,,,,306,379,428,,,73,122
6,,,,402,338,181,,,-64,-221
6,520,610,285,311,,,90,-235,,
6,285,350,730,,,,65,445,,
6,,,,489,191,55,,,-298,-434
6,500,610,690,,,,110,190,,
6,770,275,665,,,,-495,-105,,
6,,,,664,402,880,,,-262,216
6,,,,466,598,667,,,132,201
6,575,380,445,,,,-195,-130,,
6,,,,739,713,686,,,-26,-53
6,,,,438,484,718,,,46,280
6,515,610,685,,,,95,170,,
6,,,,577,630,711,,,53,134
6,,,,359,,523,,,,164
6,795,540,605,,,,-255,-190,,
6,,,,384,648,539,,,264,155
6,565,910,810,834,,,345,245,,
6,,,,676,799,897,,,123,221
6,680,720,595,,,,40,-85,,
6,,,,911,929,1123,,,18,212
6,355,490,375,,,,135,20,,
6,,,,856,825,797,,,-31,-59
6,,,,764,856,984,,,92,220
6,,,,723,827,792,,,104,69
6,430,595,340,,,,165,-90,,
6,,,,731,,873,,,,142
6,540,350,405,,,,-190,-135,,
6,240,150,350,,,,-90,110,,
6,370,570,740,,,,200,370,,
6,,,,762,700,810,,,-62,48
6,,,,804,810,772,,,6,-32
6,,,,673,,761,,,,88
6,,,,463,417,368,,,-46,-95
6,,,,840,887,927,,,47,87
6,355,260,335,,,,-95,-20,,
6,,,,707,708,735,,,1,28
6,445,,250,,,,,-195,,
6,590,405,390,193,,,-185,-200,,
6,475,300,560,,,,-175,85,,
6,,,,767,734,808,,,-33,41
6,,,,380,453,397,,,73,17
6,520,395,340,,,,-125,-180,,
6,250,470,105,,,,220,-145,,
6,,,,793,834,927,,,41,134
6,310,330,350,,,,20,40,,
6,,,,457,,457,,,,0
6,,,,666,668,426,,,2,-240
6,,,,853,783,813,,,-70,-40
6,,,,863,617,980,,,-246,117
6,370,475,600,766,,,105,230,,
6,,,,323,432,727,,,109,404
6,470,325,280,,,,-145,-190,,
6,,,,560,558,798,,,-2,238
6,680,870,920,,,,190,240,,
6,385,220,350,736,,,-165,-35,,
6,,,,538,698,890,,,160,352
6,,,,822,877,936,,,55,114
6,,,,896,917,1051,,,21,155
6,575,365,440,,,,-210,-135,,
6,,,,679,605,690,,,-74,11
6,325,460,430,522,,,135,105,,
8,,,,429,596,699,,,167,270
8,420,550,410,803,,,130,-10,,
8,,,,223,466,439,,,243,216
8,445,410,435,,,,-35,-10,,
8,465,200,,,,,-265,,,
8,,,,653,,787,,,,134
8,395,530,625,,,,135,230,,
8,,,,447,437,528,,,-10,81
8,450,325,340,,,,-125,-110,,
8,,,,773,741,769,,,-32,-4
8,,,,459,347,417,,,-112,-42
9,,,,741,820,1126,,,79,385
9,945,1095,,,,,150,,,
9,435,205,,,,,-230,,,
9,,,,696,856,,,,160,
9,,,,850,916,869,,,66,19
9,125,-270,,,,,-395,,,
9,,,,828,,847,,,,19
9,,,,917,,800,,,,-117
9,655,740,935,875,,,85,280,,
9,,,,570,800,877,,,230,307
10,670,750,1160,,,,80,490,,
9,630,,,188,291,447,,,103,259
9,855,,980,957,,,,125,,
9,385,485,425,736,,,100,40,,
9,,,,791,894,895,,,103,104
9,575,860,720,843,,,285,145,,
9,,,,597,769,866,,,172,269
9,,,,718,875,705,,,157,-13
9,475,475,-35,753,,,0,-510,,
9,250,340,395,,,,90,145,,
9,530,560,420,622,,,30,-110,,
9,,,,622,816,885,,,194,263
9,260,,,169,386,,,,217,
9,,,,801,878,775,,,77,-26
9,780,455,360,750,,,-325,-420,,
9,395,515,475,,,,120,80,,
9,275,,,684,870,965,,,186,281
10,370,400,600,,,,30,230,,
9,,,,478,573,537,,,95,59
9,335,435,685,,,,100,350,,
9,325,585,465,911,,,260,140,,
9,,,,745,847,872,,,102,127
9,,,,980,1133,1200,,,153,220
9,,,,970,1013,1183,,,43,213
9,555,515,850,917,,,-40,295,,
9,430,580,700,779,,,150,270,,
9,,,,639,836,986,,,197,347
9,865,735,970,1147,,,-130,105,,
9,615,660,965,,,,45,350,,
9,735,640,725,,,,-95,-10,,
9,655,895,825,,,,240,170,,
9,785,570,695,,,,-215,-90,,
9,,,,414,690,764,,,276,350
9,,,,96,174,425,,,78,329
9,710,675,760,759,,,-35,50,,
9,,,,798,656,643,,,-142,-155
9,545,,530,1048,,,,-15,,
9,370,485,785,924,,,115,415,,
9,,,,752,821,875,,,69,123
9,,,,751,876,856,,,125,105
9,,,,797,798,783,,,1,-14
9,685,,,642,905,663,,,263,21
9,600,550,530,878,,,-50,-70,,
9,645,,,455,396,562,,,-59,107
9,,,,962,972,984,,,10,22
9,600,680,915,,,,80,315,,
9,,,,762,769,738,,,7,-24
9,365,385,650,785,,,20,285,,
9,270,380,740,,,,110,470,,
9,,,,682,800,857,,,118,175
9,400,665,745,611,,,265,345,,
9,280,395,560,889,,,115,280,,
9,,,,638,648,638,,,10,0
9,,,,584,761,855,,,177,271
9,,,,611,700,872,,,89,261
9,465,685,625,885,,,220,160,,
9,300,225,575,,,,-75,275,,
9,,,,521,766,877,,,245,356
10,,,,383,,531,,,,148
9,470,,400,877,,,,-70,,
9,595,755,475,898,,,160,-120,,
9,,,,545,612,731,,,67,186
9,380,500,700,272,,,120,320,,
9,,,,899,1143,1145,,,244,246
9,250,400,,,,,150,,,
9,610,805,775,,,,195,165,,
9,,,,954,1165,1164,,,211,210
9,,,,534,525,607,,,-9,73
9,615,470,855,764,,,-145,240,,
9,,,,1032,1060,1065,,,28,33
9,,,,548,530,615,,,-18,67
9,,,,672,795,906,,,123,234
9,-135,255,300,698,,,390,435,,
9,515,310,570,,,,-205,55,,
9,,,,772,890,875,,,118,103
9,390,200,655,,,,-190,265,,
9,,,,932,,910,,,,-22
9,530,625,785,685,,,95,255,,
9,385,390,790,731,,,5,405,,
9,,,,763,785,866,,,22,103
9,440,,,395,,867,,,,472
9,,,,490,514,446,,,24,-44
9,705,,740,889,,,,35,,
9,345,470,740,752,,,125,395,,
9,,,,965,1036,1102,,,71,137
9,,,,872,846,913,,,-26,41
9,455,425,885,576,,,-30,430,,
5,645,615,,1056,,,-30,,,
5,275,305,,52,,,30,,,
5,-25,,,386,481,,,,95,
5,375,330,,141,,,-45,,,
5,75,,,430,527,,,,97,
5,530,695,,545,,,165,,,
5,-40,,,158,0,,,,-158,
5,820,,,613,705,,,,92,
5,265,,,227,166,,,,-61,
5,755,,,581,633,,,,52,
5,590,530,,683,,,-60,,,
5,345,,,251,468,546,,,217,295
4,380,385,470,174,,,5,90,,
5,730,,,593,645,710,,,52,117
4,465,305,735,730,,,-160,270,,
5,70,,,530,625,605,,,95,75
4,555,,,485,631,720,,,146,235
5,340,,,203,392,486,,,189,283
4,460,540,765,432,,,80,305,,
4,290,310,705,353,,,20,415,,
5,350,,,719,861,904,,,142,185
4,365,280,805,343,,,-85,440,,
5,490,,,415,646,678,,,231,263
5,425,,,391,413,514,,,22,123
5,200,,,634,750,764,,,116,130
5,195,,,366,305,437,,,-61,71
5,345,510,750,521,,,165,405,,
5,485,,,493,558,760,,,65,267
5,535,290,735,189,,,-245,200,,
5,395,580,665,603,,,185,270,,
5,500,,,608,744,753,,,136,145
5,385,425,390,293,,,40,5,,
5,375,425,330,668,,,50,-45,,
5,410,590,535,79,,,180,125,,
5,175,280,230,258,,,105,55,,
5,520,,,600,676,656,,,76,56
5,755,,,479,553,691,,,74,212
5,480,670,815,581,,,190,335,,
5,285,,,479,487,448,,,8,-31
5,370,345,800,224,,,-25,430,,
5,100,,,730,731,782,,,1,52
5,310,,,437,579,489,,,142,52
5,310,,,472,462,607,,,-10,135
5,400,310,335,306,,,-90,-65,,
6,,,,0,0,0,,,0,0
6,-55,100,465,246,,,155,520,,
6,,,,44,96,0,,,52,-44
6,575,465,330,681,,,-110,-245,,
6,440,520,640,342,,,80,200,,
6,770,635,585,,,,-135,-185,,
6,,,,861,861,858,,,0,-3
6,,,,680,684,742,,,4,62
6,,,,374,446,382,,,72,8
6,,,,5,194,508,,,189,503
6,275,300,350,509,,,25,75,,
4,500,475,625,425,,,-25,125,,
4,240,185,405,488,,,-55,165,,
4,225,,,64,386,468,,,322,404
4,290,,,458,557,549,,,99,91
4,80,,,387,444,541,,,57,154
4,315,,,462,640,671,,,178,209
4,230,395,310,447,,,165,80,,
4,235,,,0,758,819,,,758,819
4,450,,,101,298,528,,,197,427
4,430,395,745,699,,,-35,315,,
4,280,300,505,354,,,20,225,,
4,285,,,477,459,494,,,-18,17
4,310,,,296,392,419,,,96,123
4,485,345,480,211,,,-140,-5,,
4,170,,,570,585,512,,,15,-58
4,455,305,660,269,,,-150,205,,
4,440,260,500,389,,,-180,60,,
4,470,400,645,520,,,-70,175,,
4,380,335,470,310,,,-45,90,,
4,510,,,600,781,741,,,181,141
4,435,,,336,487,633,,,151,297
4,490,,,555,750,757,,,195,202
6,,,,637,773,878,,,136,241
6,595,705,775,,,,110,180,,
6,405,455,615,,,,50,210,,
6,355,395,460,656,,,40,105,,
6,,,,487,509,469,,,22,-18
6,,,,837,906,967,,,69,130
6,315,305,485,,,,-10,170,,
6,,,,711,731,738,,,20,27
6,495,560,555,,,,65,60,,
6,,,,392,510,554,,,118,162
6,,,,523,532,546,,,9,23
6,,,,708,642,834,,,-66,126
6,815,,740,,,,,-75,,
6,605,760,745,,,,155,140,,
6,,,,485,497,709,,,12,224
6,,,,331,372,593,,,41,262
4,280,,,379,334,513,,,-45,134
4,270,,,146,264,431,,,118,285
4,285,335,310,161,,,50,25,,
4,465,,,349,399,482,,,50,133
4,305,330,580,25,,,25,275,,
4,315,300,290,0,,,-15,-25,,
4,485,465,590,559,,,-20,105,,
4,325,,,156,315,539,,,159,383
4,425,570,570,670,,,145,145,,
4,495,,,431,525,577,,,94,146
4,365,,,431,531,488,,,100,57
9,175,475,,,,,300,,,
9,650,675,,,,,25,,,
9,,,,815,752,,,,-63,
9,,,,425,573,633,,,148,208
9,,,,809,371,467,,,-438,-342
9,795,495,820,,,,-300,25,,
9,680,915,780,,,,235,100,,
9,,,,865,858,1127,,,-7,262
9,,,,876,972,912,,,96,36
9,,,,881,838,804,,,-43,-77
9,895,985,1045,,,,90,150,,
9,565,565,665,,,,0,100,,
9,230,285,360,509,,,55,130,,
9,,,,671,683,653,,,12,-18
9,610,580,745,,,,-30,135,,
9,,,,646,836,874,,,190,228
9,,,,483,447,299,,,-36,-184
9,,,,330,299,352,,,-31,22
9,,,,537,686,774,,,149,237
9,535,710,580,,,,175,45,,
9,365,650,415,,,,285,50,,
9,655,620,505,,,,-35,-150,,
9,,,,205,172,289,,,-33,84
9,,,,516,545,782,,,29,266
9,580,,635,,,,,55,,
9,,,,469,529,626,,,60,157
9,,,,720,883,844,,,163,124
9,895,1085,1140,,,,190,245,,
9,,,,851,890,860,,,39,9
9,,,,852,832,932,,,-20,80
9,690,615,650,,,,-75,-40,,
9,380,285,355,,,,-95,-25,,
9,,,,622,617,771,,,-5,149
9,,,,766,582,683,,,-184,-83
9,,,,589,559,865,,,-30,276
9,415,710,695,641,,,295,280,,
9,,,,570,692,615,,,122,45
9,790,,600,,,,,-190,,
9,350,,,871,681,638,,,-190,-233
9,,,,546,577,581,,,31,35
9,,,,801,978,903,,,177,102
9,,,,518,554,576,,,36,58
9,760,770,830,,,,10,70,,
9,565,595,630,796,,,30,65,,
9,,,,710,799,786,,,89,76
9,,,,834,1113,1190,,,279,356
9,605,500,,,,,-105,,,
9,605,590,475,531,,,-15,-130,,
9,805,535,685,,,,-270,-120,,
9,870,950,865,,,,80,-5,,
9,735,,660,509,,,,-75,,
9,,,,817,612,686,,,-205,-131
9,390,400,290,,,,10,-100,,
9,,,,924,804,694,,,-120,-230
9,,,,864,881,1020,,,17,156
9,,,,800,780,813,,,-20,13
9,,,,1026,937,1091,,,-89,65
9,680,675,575,,,,-5,-105,,
9,590,785,400,,,,195,-190,,
9,,,,685,848,848,,,163,163
4,210,315,,320,,,105,,,
4,610,,,501,474,,,,-27,
4,595,,,319,479,,,,160,
4,230,,,268,455,,,,187,
4,485,240,,0,,,-245,,,
4,-120,160,,663,,,280,,,
4,580,,,197,362,,,,165,
4,525,470,,878,,,-55,,,
3,405,300,,545,,,-105,,,
4,440,665,,,,,225,,,
4,-25,355,,340,,,380,,,
4,10,275,,249,,,265,,,
4,485,,,457,384,643,,,-73,186
4,250,210,535,458,,,-40,285,,
4,575,,,408,536,611,,,128,203
4,220,325,470,454,,,105,250,,
4,405,,,610,558,546,,,-52,-64
4,400,,,150,160,241,,,10,91
4,400,,,349,510,521,,,161,172
4,350,,,41,0,470,,,-41,429
4,175,310,395,492,,,135,220,,
4,350,280,985,653,,,-70,635,,
4,265,215,395,594,,,-50,130,,
4,380,,,284,351,484,,,67,200
4,330,,,84,106,326,,,22,242
4,210,235,465,317,,,25,255,,
4,245,410,425,608,,,165,180,,
4,360,,,342,301,405,,,-41,63
4,280,,,160,237,308,,,77,148
4,330,575,360,218,,,245,30,,
4,300,230,450,294,,,-70,150,,
4,495,,,282,434,487,,,152,205
4,125,,,51,136,247,,,85,196
4,200,630,610,606,,,430,410,,
5,-10,,,206,229,365,,,23,159
5,535,630,670,115,,,95,135,,
5,330,,,380,416,453,,,36,73
5,215,430,310,481,,,215,95,,
4,295,310,370,465,,,15,75,,
5,-55,,,194,138,173,,,-56,-21
5,50,,,520,485,585,,,-35,65
4,370,,,431,586,667,,,155,236
5,355,,,0,194,318,,,194,318
5,-10,305,335,310,,,315,345,,
3,275,,,0,121,497,,,121,497
3,175,255,260,242,,,80,85,,
3,225,190,415,0,,,-35,190,,
3,315,355,645,494,,,40,330,,
3,260,,,0,410,345,,,410,345
3,310,,,0,0,244,,,0,244
3,295,,,142,356,464,,,214,322
3,205,290,590,393,,,85,385,,
3,210,245,290,0,,,35,80,,
3,425,,,159,114,288,,,-45,129
3,385,,,0,212,352,,,212,352
5,620,,,437,661,710,,,224,273
5,450,705,855,807,,,255,405,,
5,345,455,655,424,,,110,310,,
5,530,,,395,505,744,,,110,349
5,650,,,382,458,537,,,76,155
3,265,415,570,405,,,150,305,,
3,425,270,670,145,,,-155,245,,
3,-10,,,106,211,565,,,105,459
3,270,,,239,418,527,,,179,288
3,-65,330,545,0,,,395,610,,
3,170,425,655,52,,,255,485,,
3,345,,,265,312,481,,,47,216
3,290,185,605,267,,,-105,315,,
3,495,,,193,398,543,,,205,350
3,110,,,0,355,480,,,355,480
3,90,,,0,0,244,,,0,244
3,-55,,,0,0,,,,0,
3,295,,,324,311,421,,,-13,97
3,350,,,262,463,495,,,201,233
3,275,275,600,350,,,0,325,,
5,305,,,552,487,450,,,-65,-102
5,500,,,790,796,877,,,6,87
5,395,,,759,791,845,,,32,86
5,455,560,615,861,,,105,160,,
5,75,295,40,354,,,220,-35,,
5,400,615,350,434,,,215,-50,,
5,505,,,705,739,833,,,34,128
5,500,545,770,468,,,45,270,,
5,385,,,484,504,635,,,20,151
5,495,755,810,418,,,260,315,,
5,555,,,780,830,718,,,50,-62
5,40,,,0,0,0,,,0,0
5,-70,,,0,0,365,,,0,365
5,185,270,195,435,,,85,10,,
5,210,200,305,542,,,-10,95,,
5,275,,,0,0,362,,,0,362
5,320,300,605,0,,,-20,285,,
5,280,,,0,0,381,,,0,381
5,360,200,510,273,,,-160,150,,
5,355,,,348,376,390,,,28,42
5,355,,,0,0,500,,,0,500
5,250,295,570,727,,,45,320,,
5,400,310,985,312,,,-90,585,,
5,500,435,935,470,,,-65,435,,
5,400,745,955,641,,,345,555,,
5,410,,,0,167,375,,,167,375
5,380,450,960,385,,,70,580,,
5,535,510,930,500,,,-25,395,,
5,170,530,,288,,421,360,,,133
5,220,130,610,690,,,-90,390,,
5,,,,800,754,941,,,-46,141
5,255,,,441,427,557,,,-14,116
5,615,,,471,702,868,,,231,397
4,295,,,548,700,845,,,152,297
4,70,265,355,92,,,195,285,,
4,350,,,370,380,553,,,10,183
4,380,,,508,517,452,,,9,-56
4,435,525,520,752,,,90,85,,
4,285,135,580,145,,,-150,295,,
4,195,,,465,337,361,,,-128,-104
4,55,340,370,357,,,285,315,,
4,460,,,560,402,487,,,-158,-73
4,230,,,0,0,0,,,0,0
6,230,390,,,,,160,,,
7,225,480,,,,,255,,,
8,725,510,,,,,-215,,,
7,,,,310,457,191,,,147,-119
7,,,,171,285,276,,,114,105
7,,,,291,366,203,,,75,-88
7,,,,874,,410,,,,-464
7,355,495,475,542,,,140,120,,
7,,,,541,650,693,,,109,152
7,350,520,855,414,,,170,505,,
7,740,,845,24,,,,105,,
7,195,360,540,,,,165,345,,
7,,,,444,574,515,,,130,71
7,,,,674,637,669,,,-37,-5
7,290,395,570,287,,,105,280,,
8,385,75,270,699,,,-310,-115,,
8,35,190,410,388,,,155,375,,
8,,,,375,303,0,,,-72,-375
8,,,,40,905,947,,,865,907
8,485,280,530,,,,-205,45,,
8,,,,489,530,647,,,41,158
8,,,,786,798,788,,,12,2
8,600,440,485,,,,-160,-115,,
8,,,,65,183,236,,,118,171
8,,,,823,,784,,,,-39
8,490,465,585,,,,-25,95,,
8,,,,489,552,504,,,63,15
8,395,395,805,,,,0,410,,
8,450,515,470,,,,65,20,,
8,,,,724,771,715,,,47,-9
8,,,,565,603,626,,,38,61
8,415,185,250,669,,,-230,-165,,
8,,,,739,669,614,,,-70,-125
8,685,330,415,594,,,-355,-270,,
8,,,,611,630,770,,,19,159
8,,,,399,418,709,,,19,310
8,475,,585,948,,,,110,,
6,250,240,345,176,,,-10,95,,
6,,,,532,476,550,,,-56,18
6,,,,335,393,183,,,58,-152
6,55,430,170,390,,,375,115,,
6,755,635,845,,,,-120,90,,
6,,,,344,359,444,,,15,100
6,,,,512,482,520,,,-30,8
6,,,,594,518,485,,,-76,-109
6,300,575,600,,,,275,300,,
6,,,,72,50,524,,,-22,452
8,580,,445,1154,,,,-135,,
8,,,,867,892,957,,,25,90
8,,,,568,572,755,,,4,187
8,535,760,810,,,,225,275,,
8,,,,904,843,883,,,-61,-21
8,560,480,575,,,,-80,15,,
8,775,680,905,,,,-95,130,,
8,,,,856,816,807,,,-40,-49
8,,,,624,602,707,,,-22,83
8,580,705,685,,,,125,105,,
7,,,,840,708,767,,,-132,-73
7,,,,546,662,742,,,116,196
7,,,,262,189,439,,,-73,177
7,,,,591,498,576,,,-93,-15
7,475,615,535,,,,140,60,,
7,,,,537,512,451,,,-25,-86
7,300,560,335,,,,260,35,,
7,510,685,695,,,,175,185,,
7,,,,660,720,811,,,60,151
7,290,600,405,,,,310,115,,
7,395,555,730,,,,160,335,,
7,,,,776,872,856,,,96,80
7,,,,927,860,854,,,-67,-73
7,460,,785,,,,,325,,
7,,,,800,845,949,,,45,149
6,,,,626,666,345,,,40,-281
6,,,,705,698,935,,,-7,230
6,460,320,600,208,,,-140,140,,
6,465,465,600,710,,,0,135,,
6,,,,396,490,500,,,94,104
6,,,,301,403,499,,,102,198
6,370,580,,,,,210,,,
6,580,420,345,292,,,-160,-235,,
6,,,,237,255,306,,,18,69
6,240,450,525,268,,,210,285,,
6,,,,543,546,336,,,3,-207
10,755,275,,254,,,-480,,,
9,310,480,,523,,,170,,,
9,,,,1044,962,,,,-82,
10,275,,,287,,295,,,,8
10,,,,383,,398,,,,15
10,840,915,,,,,75,,,
10,410,620,,,,,210,,,
10,615,330,,,,,-285,,,
9,,,,871,844,,,,-27,
9,,,,221,,331,,,,110
10,,,,420,,529,,,,109
10,705,525,,,,,-180,,,
9,,,,507,691,861,,,184,354
9,,,,925,,1065,,,,140
9,945,795,,,,,-150,,,
9,,,,697,650,854,,,-47,157
9,,,,605,,712,,,,107
9,575,,,640,,716,,,,76
9,590,,775,,,,,185,,
9,405,,,674,,733,,,,59
9,540,,,915,,868,,,,-47
9,855,,1000,,,,,145,,
9,,,,887,721,651,,,-166,-236
9,595,790,645,,,,195,50,,
9,645,,585,,,,,-60,,
9,,,,582,560,627,,,-22,45
9,,,,751,,825,,,,74
10,870,1040,1235,,,,170,365,,
10,665,555,665,804,,,-110,0,,
10,,,,946,1050,958,,,104,12
10,,,,530,580,839,,,50,309
10,780,330,-160,,,,-450,-940,,
10,640,,835,,,,,195,,
10,,,,848,952,921,,,104,73
10,505,600,810,,,,95,305,,
10,,,,670,505,753,,,-165,83
10,685,,,887,,910,,,,23
10,365,,300,734,,,,-65,,
10,425,,425,862,,,,0,,
10,830,,450,823,,,,-380,,
10,,,,853,771,911,,,-82,58
10,600,,810,,,,,210,,
10,1035,,450,732,,829,,-585,,97
10,,,,915,915,910,,,0,-5
10,,,,603,641,697,,,38,94
9,745,940,985,,,,195,240,,
9,,,,717,,793,,,,76
9,470,385,500,,,,-85,30,,
9,,,,756,855,820,,,99,64
9,,,,257,552,509,,,295,252
9,,,,611,673,649,,,62,38
9,475,755,810,,,,280,335,,
9,,,,649,513,,,,-136,
9,,,,906,773,794,,,-133,-112
9,640,715,890,,,,75,250,,
9,280,235,460,527,,,-45,180,,
9,,,,952,920,1015,,,-32,63
9,,,,821,716,878,,,-105,57
9,525,890,945,,,,365,420,,
9,580,595,790,,,,15,210,,
9,,,,769,723,790,,,-46,21
9,,,,997,1019,1082,,,22,85
9,465,565,775,,,,100,310,,
9,,,,820,910,929,,,90,109
9,,,,999,835,926,,,-164,-73
9,360,450,710,,,,90,350,,
9,570,745,915,,,,175,345,,
9,,,,996,955,937,,,-41,-59
9,570,370,385,,,,-200,-185,,
9,,,,725,919,865,,,194,140
9,830,520,,,,,-310,,,
9,,,,785,761,720,,,-24,-65
9,,,,898,739,830,,,-159,-68
9,,,,568,,651,,,,83
9,,,,686,788,,,,102,
9,600,375,530,,,,-225,-70,,
9,,,,1041,789,922,,,-252,-119
9,,,,670,818,945,,,148,275
9,515,690,575,,,,175,60,,
9,540,580,470,744,,,40,-70,,
9,300,485,780,853,,,185,480,,
9,510,285,790,,,,-225,280,,
10,850,,930,1089,,,,80,,
10,795,560,695,869,,,-235,-100,,
10,,,,1001,1114,1189,,,113,188
10,495,605,505,,,,110,10,,
10,980,1155,1145,,,,175,165,,
10,,,,602,706,830,,,104,228
10,,,,912,873,924,,,-39,12
10,,,,653,,969,,,,316
10,760,895,880,,,,135,120,,
10,,,,804,918,974,,,114,170
10,,,,931,849,1037,,,-82,106
10,,,,981,,1082,,,,101
10,,,,806,,810,,,,4
10,,,,794,,746,,,,-48
10,270,,510,850,,,,240,,
10,,,,1008,,1004,,,,-4
10,1000,,850,,,,,-150,,
10,1075,,765,,,,,-310,,
10,580,,480,,,,,-100,,
10,,,,653,,578,,,,-75
10,,,,351,,447,,,,96
10,545,,675,,,,,130,,
9,675,,720,,,,,45,,
9,665,,680,,,,,15,,
9,,,,445,,663,,,,218
9,,,,906,,750,,,,-156
9,370,640,370,,,,270,0,,
9,,,,829,,906,,,,77
9,560,,515,,,,,-45,,
9,,,,370,,566,,,,196
9,,,,704,,913,,,,209
9,555,,385,,,,,-170,,
9,710,,860,,,,,150,,
9,750,635,865,,,,-115,115,,
9,870,915,830,,,,45,-40,,
9,,,,462,732,716,,,270,254
9,,,,862,808,959,,,-54,97
9,,,,988,919,900,,,-69,-88
9,,,,705,786,847,,,81,142
9,,,,837,1030,1029,,,193,192
9,,,,871,978,871,,,107,0
9,670,955,1100,,,,285,430,,
9,670,865,910,,,,195,240,,
10,320,535,560,,,,215,240,,
10,,,,667,,708,,,,41
10,,,,851,,888,,,,37
10,,,,1002,879,957,,,-123,-45
10,960,840,1150,,,,-120,190,,
10,,,,804,,849,,,,45
10,955,890,780,,,,-65,-175,,
10,555,880,735,,,,325,180,,
10,780,,,847,,662,,,,-185
10,915,405,460,,,,-510,-455,,
10,,,,947,1081,1064,,,134,117
9,755,635,900,,,,-120,145,,
9,875,530,680,,,,-345,-195,,
9,710,465,580,,,,-245,-130,,
9,,,,628,717,818,,,89,190
9,670,655,855,,,,-15,185,,
9,440,625,695,,,,185,255,,
9,,,,654,550,588,,,-104,-66
9,,,,586,577,446,,,-9,-140
9,,,,932,,1104,,,,172
9,,,,820,723,633,,,-97,-187
9,,,,695,858,876,,,163,181
8,,,,612,650,,,,38,
7,,,,647,,895,,,,248
7,,,,457,,541,,,,84
8,555,620,470,,,,65,-85,,
8,,,,220,295,523,,,75,303
8,835,785,900,,,,-50,65,,
8,,,,339,495,539,,,156,200
8,585,495,635,699,,,-90,50,,
8,,,,590,780,700,,,190,110
8,590,710,780,,,,120,190,,
8,,,,876,932,1092,,,56,216
8,,,,879,710,730,,,-169,-149
8,,,,730,915,1024,,,185,294
8,480,555,525,,,,75,45,,
6,,,,806,866,870,,,60,64
6,,,,604,728,616,,,124,12
6,310,280,350,385,,,-30,40,,
6,,,,333,424,547,,,91,214
6,700,825,740,,,,125,40,,
6,,,,577,647,348,,,70,-229
6,735,700,620,,,,-35,-115,,
6,470,700,735,,,,230,265,,
6,,,,899,,796,,,,-103
6,595,370,270,,,,-225,-325,,
6,,,,487,490,538,,,3,51
8,,,,765,821,838,,,56,73
8,640,710,645,,,,70,5,,
8,555,645,365,,,,90,-190,,
8,535,,715,,,,,180,,
8,,,,585,668,720,,,83,135
8,,,,306,405,311,,,99,5
8,,,,827,,938,,,,111
8,600,,575,,,,,-25,,
8,,,,911,1026,1146,,,115,235
8,325,325,440,,,,0,115,,
7,,,,505,650,845,,,145,340
7,375,350,455,450,,,-25,80,,
7,,,,575,680,524,,,105,-51
7,420,605,575,,,,185,155,,
7,,,,904,916,974,,,12,70
7,550,590,640,,,,40,90,,
7,,,,534,810,906,,,276,372
7,535,765,820,,,,230,285,,
7,785,825,975,,,,40,190,,
7,,,,886,966,1040,,,80,154
7,,,,850,864,1020,,,14,170
6,505,545,570,681,,,40,65,,
6,,,,549,702,802,,,153,253
6,525,420,640,,,,-105,115,,
6,,,,474,382,229,,,-92,-245
6,,,,488,689,781,,,201,293
7,470,605,640,,,,135,170,,
7,,,,491,641,613,,,150,122
7,775,,695,,,,,-80,,
7,565,885,810,,,,320,245,,
7,,,,669,687,767,,,18,98
7,510,525,740,684,,,15,230,,
7,600,415,480,,,,-185,-120,,
7,,,,721,,864,,,,143
7,930,,,915,,991,,,,76
7,,,,649,840,785,,,191,136
7,,,,748,903,901,,,155,153
9,820,,,718,790,714,,,72,-4
9,495,,,0,0,0,,,0,0
9,750,,,1168,1004,1098,,,-164,-70
9,730,,,1058,1032,979,,,-26,-79
9,930,,,1255,1236,,,,-19,
9,,,,860,,800,,,,-60
9,740,465,,1126,1052,,-275,,-74,
10,,,,621,568,834,,,-53,213
9,,,,580,774,,,,194,
10,,,,501,,374,,,,-127
9,675,,,1055,1042,1087,,,-13,32
9,,,,731,709,747,,,-22,16
9,,,,363,463,583,,,100,220
9,,,,516,631,648,,,115,132
9,,,,778,820,956,,,42,178
9,545,505,,882,872,1013,-40,,-10,131
9,,,,1030,1122,1148,,,92,118
9,615,,,284,,507,,,,223
10,575,,,888,813,,,,-75,
9,,,,601,875,882,,,274,281
9,,,,613,725,750,,,112,137
9,565,,,295,44,,,,-251,
10,640,685,,1108,1205,,45,,97,
10,770,770,,936,1037,1058,0,,101,122
9,970,,,1096,,1108,,,,12
10,,,,877,798,931,,,-79,54
9,,,,328,461,562,,,133,234
9,,,,757,882,865,,,125,108
9,765,925,,955,,,160,,,
10,,,,841,885,840,,,44,-1
9,,,,0,131,,,,131,
9,,,,651,535,,,,-116,
9,,,,732,788,,,,56,
9,510,645,980,677,883,966,135,470,206,289
9,,,,755,885,869,,,130,114
9,,,,800,867,896,,,67,96
9,,,,816,873,829,,,57,13
9,705,925,830,884,887,,220,125,3,
9,735,580,610,843,754,562,-155,-125,-89,-281
9,,,,1019,889,852,,,-130,-167
9,,,,903,1021,1213,,,118,310
9,,,,736,811,790,,,75,54
9,500,565,750,944,937,945,65,250,-7,1
9,580,205,340,1344,1238,,-375,-240,-106,
9,645,460,785,617,786,722,-185,140,169,105
9,,,,486,536,897,,,50,411
9,615,700,790,845,806,897,85,175,-39,52
9,375,530,660,744,871,756,155,285,127,12
9,600,665,535,978,1146,1264,65,-65,168,286
9,,,,933,857,922,,,-76,-11
9,,,,843,837,923,,,-6,80
9,,,,792,874,894,,,82,102
9,,,,593,747,785,,,154,192
9,,,,904,893,948,,,-11,44
9,915,865,925,703,760,796,-50,10,57,93
9,,,,604,627,585,,,23,-19
9,,,,502,610,771,,,108,269
9,620,,715,860,967,935,,95,107,75
9,565,230,505,343,419,478,-335,-60,76,135
9,,,,647,666,804,,,19,157
9,1080,,,1025,1052,1145,,,27,120
9,760,900,920,1086,1203,1291,140,160,117,205
9,535,630,345,583,,618,95,-190,,35
9,555,475,800,187,329,327,-80,245,142,140
9,,,,823,922,919,,,99,96
10,,,,992,995,1163,,,3,171
10,,,,1066,1052,1091,,,-14,25
10,655,860,1025,1097,959,1004,205,370,-138,-93
10,,,,957,1010,965,,,53,8
10,655,865,925,788,927,975,210,270,139,187
10,285,,,652,650,741,,,-2,89
10,,,,823,899,929,,,76,106
10,620,750,940,768,888,859,130,320,120,91
10,840,960,1260,1206,1314,1219,120,420,108,13
9,855,940,905,711,763,910,85,50,52,199
10,570,,,860,816,780,,,-44,-80
9,,,,673,851,517,,,178,-156
9,675,760,780,694,620,611,85,105,-74,-83
9,,,,834,692,783,,,-142,-51
9,,,,468,577,585,,,109,117
9,410,645,775,881,833,838,235,365,-48,-43
9,,,,806,856,877,,,50,71
9,440,310,700,730,581,349,-130,260,-149,-381
9,585,590,575,337,496,496,5,-10,159,159
9,235,,,712,649,788,,,-63,76
9,,,,663,548,612,,,-115,-51
9,735,,905,1148,1270,1303,,170,122,155
9,,,,794,795,813,,,1,19
9,,,,476,521,505,,,45,29
9,735,750,730,903,849,688,15,-5,-54,-215
9,,,,817,860,814,,,43,-3
10,,,,897,953,814,,,56,-83
10,,,,755,932,805,,,177,50
9,990,,,1009,1037,1067,,,28,58
9,1080,,1065,1186,1213,1133,,-15,27,-53
10,,,,799,971,988,,,172,189
10,,,,701,762,672,,,61,-29
9,875,940,1035,1139,1168,1139,65,160,29,0
9,270,490,665,399,524,540,220,395,125,141
9,,,,899,958,965,,,59,66
9,540,420,595,679,714,848,-120,55,35,169
10,585,605,685,799,870,661,20,100,71,-138
10,,,,557,492,326,,,-65,-231
10,,,,917,995,990,,,78,73
10,,,,807,826,985,,,19,178
10,725,790,885,1018,923,997,65,160,-95,-21
10,,,,895,996,949,,,101,54
10,585,805,840,513,543,628,220,255,30,115
9,630,595,755,764,840,971,-35,125,76,207
10,385,510,575,760,799,810,125,190,39,50
9,,,,726,815,759,,,89,33
10,,,,342,375,498,,,33,156
10,,,,473,685,806,,,212,333
10,790,610,805,992,943,955,-180,15,-49,-37
10,,,,756,882,813,,,126,57
10,,,,717,846,927,,,129,210
10,,,,754,898,877,,,144,123
10,,,,841,966,937,,,125,96
10,770,540,495,498,664,600,-230,-275,166,102
10,,,,528,612,837,,,84,309
10,895,1020,955,1070,957,1029,125,60,-113,-41
10,745,635,880,720,817,820,-110,135,97,100
10,645,455,805,681,741,712,-190,160,60,31
10,825,925,945,906,1004,995,100,120,98,89
10,,,,940,926,928,,,-14,-12
10,460,565,805,822,,,105,345,,
10,,,,802,842,959,,,40,157
10,,,,815,831,906,,,16,91
10,835,715,805,631,637,542,-120,-30,6,-89
10,,,,731,769,845,,,38,114
10,,,,892,935,978,,,43,86
10,780,900,890,1307,1274,1225,120,110,-33,-82
10,,,,884,955,1123,,,71,239
10,,,,408,633,710,,,225,302
10,,,,497,623,731,,,126,234
10,860,930,890,853,868,952,70,30,15,99
10,,,,811,888,917,,,77,106
10,,,,941,918,1114,,,-23,173
10,800,430,780,973,,1092,-370,-20,,119
10,,,,508,546,672,,,38,164
10,790,865,750,1106,986,1166,75,-40,-120,60
10,,,,854,778,863,,,-76,9
10,755,615,725,926,1029,1026,-140,-30,103,100
10,590,390,765,864,744,825,-200,175,-120,-39
10,,,,856,981,1027,,,125,171
10,455,795,925,1458,1435,1391,340,470,-23,-67
10,760,810,735,911,,,50,-25,,
10,,,,882,802,831,,,-80,-51
9,,,,759,804,728,,,45,-31
9,,,,440,749,258,,,309,-182
9,,,,475,572,356,,,97,-119
9,565,490,585,647,705,609,-75,20,58,-38
9,845,475,765,727,806,789,-370,-80,79,62
9,630,720,630,774,806,866,90,0,32,92
9,720,750,535,748,794,876,30,-185,46,128
9,865,840,1025,874,489,580,-25,160,-385,-294
9,,,,744,768,796,,,24,52
9,,,,850,810,859,,,-40,9
9,,,,492,494,,,,2,
10,845,1010,860,1066,1111,1199,165,15,45,133
9,,,,875,909,948,,,34,73
10,630,850,930,981,1012,1115,220,300,31,134
9,,,,797,806,949,,,9,152
9,,,,653,863,890,,,210,237
10,420,330,585,386,338,362,-90,165,-48,-24
10,705,750,950,1108,1074,1106,45,245,-34,-2
10,675,715,690,1098,1114,1196,40,15,16,98
10,,,,945,953,1044,,,8,99
10,,,,614,675,790,,,61,176
10,440,580,495,829,852,898,140,55,23,69
9,,,,735,827,778,,,92,43
10,,,,660,791,902,,,131,242
10,,,,837,881,894,,,44,57
9,,,,838,785,777,,,-53,-61
9,730,435,645,1354,1310,1265,-295,-85,-44,-89
10,490,,445,604,661,793,,-45,57,189
10,850,905,905,1257,1227,1386,55,55,-30,129
10,,,,866,869,823,,,3,-43
9,625,600,720,1135,,1066,-25,95,,-69
9,610,,,860,880,858,,,20,-2
9,605,,475,1079,1036,1127,,-130,-43,48
9,425,760,675,550,499,552,335,250,-51,2
9,705,555,840,573,518,507,-150,135,-55,-66
9,,,,571,553,646,,,-18,75
9,,,,886,816,,,,-70,
9,430,600,675,612,691,641,170,245,79,29
9,,,,928,1019,958,,,91,30
9,,,,173,217,202,,,44,29
9,,,,736,659,721,,,-77,-15
9,,,,1017,901,928,,,-116,-89
10,,,,853,868,919,,,15,66
10,870,1075,1000,987,1069,1140,205,130,82,153
10,,,,866,828,836,,,-38,-30
10,,,,649,647,498,,,-2,-151
10,590,775,895,805,912,1060,185,305,107,255
10,740,735,805,672,755,849,-5,65,83,177
10,710,,720,807,518,641,,10,-289,-166
10,,,,1010,1005,1075,,,-5,65
10,,,,870,970,999,,,100,129
10,730,665,960,922,982,1014,-65,230,60,92
7,430,385,,,,,-45,,,
7,425,465,,,,,40,,,
6,310,495,,,,,185,,,
7,,,,819,906,,,,87,
7,,,,872,912,846,,,40,-26
7,595,755,735,,,,160,140,,
7,300,515,420,,,,215,120,,
7,,,,519,452,646,,,-67,127
7,485,550,705,807,,,65,220,,
7,,,,642,670,574,,,28,-68
7,,,,786,788,701,,,2,-85
7,505,755,690,,,,250,185,,
7,,,,820,835,852,,,15,32
7,340,560,565,,,,220,225,,
7,,,,413,343,473,,,-70,60
7,680,495,455,865,,,-185,-225,,
7,,,,864,731,,,,-133,
7,805,595,710,547,,,-210,-95,,
7,,,,793,685,618,,,-108,-175
7,420,395,440,707,,,-25,20,,
7,795,480,645,,,,-315,-150,,
7,655,595,870,,,,-60,215,,
7,,,,535,709,779,,,174,244
7,,,,634,705,789,,,71,155
7,,,,431,410,490,,,-21,59
6,325,265,370,886,,,-60,45,,
6,,,,251,246,358,,,-5,107
6,,,,328,418,470,,,90,142
6,115,320,745,474,,,205,630,,
6,,,,182,15,170,,,-167,-12
6,405,610,465,822,,,205,60,,
6,,,,548,550,417,,,2,-131
6,,,,489,544,457,,,55,-32
6,55,370,-215,685,,,315,-270,,
6,,,,529,584,569,,,55,40
6,205,345,755,787,,,140,550,,
6,315,295,985,,,,-20,670,,
6,615,650,405,,,,35,-210,,
6,455,765,445,,,,310,-10,,
6,,,,546,452,827,,,-94,281
6,,,,464,380,665,,,-84,201
6,,,,364,274,362,,,-90,-2
6,,,,266,305,202,,,39,-64
6,,,,102,77,178,,,-25,76
6,345,675,,,,,330,,,
6,235,395,935,678,,,160,700,,
6,,,,529,502,458,,,-27,-71
6,235,450,430,,,,215,195,,
6,255,285,530,,,,30,275,,
6,310,,595,,,,,285,,
6,540,535,640,,,,-5,100,,
6,,,,639,695,817,,,56,178
6,,,,802,756,741,,,-46,-61
6,,,,769,403,428,,,-366,-341
6,,,,298,351,479,,,53,181
6,,,,782,806,779,,,24,-3
6,,,,746,716,832,,,-30,86
6,520,455,330,,,,-65,-190,,
6,,,,450,616,530,,,166,80
6,,,,495,519,361,,,24,-134
6,265,660,845,,,,395,580,,
6,265,290,260,,,,25,-5,,
6,,,,827,823,817,,,-4,-10
6,420,535,595,,,,115,175,,
6,,,,299,262,197,,,-37,-102
6,215,155,750,,,,-60,535,,
6,,,,734,773,793,,,39,59
6,,,,607,552,692,,,-55,85
6,590,775,810,,,,185,220,,
8,525,720,515,,,,195,-10,,
8,,,,947,,775,,,,-172
8,455,495,575,,,,40,120,,
8,,,,744,713,915,,,-31,171
8,,,,849,856,826,,,7,-23
7,,,,835,835,,,,0,
7,330,500,560,632,,,170,230,,
7,515,650,1030,,,,135,515,,
7,,,,579,681,941,,,102,362
7,,,,721,746,513,,,25,-208
7,390,405,1080,471,,,15,690,,
7,550,,,589,694,717,,,105,128
7,590,800,555,310,,,210,-35,,
7,,,,254,587,708,,,333,454
7,,,,958,870,849,,,-88,-109
7,,,,559,546,532,,,-13,-27
7,,,,642,796,750,,,154,108
7,,,,692,,560,,,,-132
7,,,,761,999,968,,,238,207
7,810,550,915,,,,-260,105,,
7,,,,548,739,669,,,191,121
7,625,910,615,,,,285,-10,,
7,555,645,395,,,,90,-160,,
7,720,725,655,,,,5,-65,,
7,510,470,465,,,,-40,-45,,
6,235,510,845,,,,275,610,,
6,,,,886,871,973,,,-15,87
6,675,655,650,,,,-20,-25,,
6,,,,377,303,331,,,-74,-46
6,,,,421,642,786,,,221,365
6,,,,520,511,615,,,-9,95
6,,,,783,779,1065,,,-4,282
6,340,320,555,,,,-20,215,,
6,,,,371,387,469,,,16,98
6,330,265,595,,,,-65,265,,
7,,,,925,1007,994,,,82,69
7,830,865,1005,,,,35,175,,
7,,,,792,946,892,,,154,100
7,,,,625,670,649,,,45,24
7,,,,444,510,539,,,66,95
7,385,540,645,,,,155,260,,
7,535,845,900,,,,310,365,,
7,590,440,865,,,,-150,275,,
7,,,,800,806,812,,,6,12
7,,,,485,552,388,,,67,-97
7,750,450,860,,,,-300,110,,
6,,,,278,415,404,,,137,126
6,,,,151,284,218,,,133,67
6,415,335,600,,,,-80,185,,
6,,,,75,600,445,,,525,370
6,435,600,395,,,,165,-40,,
6,165,385,245,,,,220,80,,
6,235,,370,,,,,135,,
6,,,,830,817,914,,,-13,84
6,50,205,,,,,155,,,
6,,,,30,360,554,,,330,524
6,,,,332,289,845,,,-43,513
8,,,,860,766,817,,,-94,-43
8,,,,474,559,801,,,85,327
8,385,465,170,392,,,80,-215,,
8,445,505,550,,,,60,105,,
8,,,,647,759,762,,,112,115
8,,,,554,774,744,,,220,190
8,,,,617,633,687,,,16,70
8,430,550,460,803,,451,120,30,,-352
8,,,,734,635,489,,,-99,-245
8,595,585,740,,,,-10,145,,
8,765,610,320,342,,,-155,-445,,
8,,,,616,652,662,,,36,46
8,590,720,650,,,,130,60,,
8,480,425,790,,,,-55,310,,
8,,,,823,867,846,,,44,23
8,805,875,595,,,,70,-210,,
8,570,605,490,,,,35,-80,,
8,,,,730,674,727,,,-56,-3
8,725,905,685,,,,180,-40,,
8,,,,689,733,702,,,44,13
8,,,,523,541,598,,,18,75
8,,,,723,740,779,,,17,56
8,450,485,250,796,,,35,-200,,
8,,,,592,643,646,,,51,54
8,,,,762,,679,,,,-83
8,,,,490,585,513,,,95,23
8,,,,119,,442,,,,323
8,,,,544,,624,,,,80
7,,,,872,854,,,,-18,
8,,,,450,472,,,,22,
7,,,,768,615,611,,,-153,-157
8,,,,695,761,,,,66,
8,,,,456,,600,,,,144
6,660,570,970,,,,-90,310,,
6,495,655,730,,,,160,235,,
6,,,,540,,525,,,,-15
6,,,,869,790,681,,,-79,-188
6,,,,252,337,408,,,85,156
6,555,570,695,,,,15,140,,
6,,,,654,852,849,,,198,195
6,470,735,730,,,,265,260,,
6,,,,696,,508,,,,-188
6,,,,570,895,1059,,,325,489
6,500,760,595,,,,260,95,,
8,,,,619,629,823,,,10,204
8,,,,553,623,672,,,70,119
8,,,,839,962,1092,,,123,253
8,640,835,810,,,,195,170,,
8,325,605,275,,,,280,-50,,
8,,,,496,323,459,,,-173,-37
8,670,340,470,,,,-330,-200,,
8,,,,639,764,852,,,125,213
8,485,745,335,,,,260,-150,,
8,685,725,620,,,,40,-65,,
8,,,,547,418,501,,,-129,-46
7,440,625,570,,,,185,130,,
7,615,625,775,,,,10,160,,
7,,,,819,814,1055,,,-5,236
7,,,,757,933,918,,,176,161
7,,,,870,886,874,,,16,4
7,690,755,990,,,,65,300,,
7,655,785,800,,,,130,145,,
7,475,455,615,,,,-20,140,,
7,,,,741,,895,,,,154
7,475,,,450,455,563,,,5,113
8,,,,547,507,471,,,-40,-76
8,590,350,685,,,,-240,95,,
8,,,,732,825,889,,,93,157
8,,,,722,728,781,,,6,59
8,745,955,995,,,,210,250,,
8,,,,894,926,1029,,,32,135
8,635,875,930,,,,240,295,,
8,410,270,420,,,,-140,10,,
8,480,635,425,,,,155,-55,,
8,,,,768,933,938,,,165,170
8,,,,657,696,695,,,39,38
7,,,,782,701,797,,,-81,15
7,740,525,625,,,,-215,-115,,
7,,,,523,558,521,,,35,-2
7,,,,651,780,837,,,129,186
7,,,,941,876,807,,,-65,-134
7,270,255,-240,,,,-15,-510,,
7,305,365,555,,,,60,250,,
7,,,,612,,669,,,,57
7,,,,589,751,851,,,162,262
7,335,655,815,,,,320,480,,
7,500,730,720,,,,230,220,,
6,455,775,510,,,,320,55,,
6,775,750,700,,,,-25,-75,,
6,480,610,620,,,,130,140,,
6,670,655,900,,,,-15,230,,
6,495,675,560,,,,180,65,,
8,,,,405,386,537,,,-19,132
8,,,,527,687,848,,,160,321
8,185,465,480,823,,,280,295,,
8,,,,365,515,453,,,150,88
8,230,500,515,,,,270,285,,
7,,,,777,805,897,,,28,120
7,255,680,430,,,,425,175,,
7,725,500,685,,,,-225,-40,,
7,,,,750,747,793,,,-3,43
7,,,,679,833,804,,,154,125
7,730,850,765,,,,120,35,,
7,,,,651,680,792,,,29,141
7,,,,550,462,721,,,-88,171
7,840,690,710,,,,-150,-130,,
7,690,640,760,,,,-50,70,,
7,,,,615,533,768,,,-82,153
7,530,600,730,775,,,70,200,,
7,,,,256,456,655,,,200,399
7,395,320,470,743,,,-75,75,,
7,,,,518,520,535,,,2,17
7,350,340,280,,,,-10,-70,,
7,280,315,470,457,,,35,190,,
7,,,,755,678,420,,,-77,-335
7,,,,588,699,676,,,111,88
7,270,650,730,777,,,380,460,,
7,,,,649,647,564,,,-2,-85
8,245,,370,,,,,125,,
8,,,,912,,878,,,,-34
8,,,,628,793,850,,,165,222
8,540,585,550,727,,,45,10,,
8,,,,522,459,867,,,-63,345
8,,,,502,604,693,,,102,191
8,450,275,415,826,,,-175,-35,,
8,890,,365,466,,,,-525,,
8,,,,677,717,726,,,40,49
8,220,,430,,,,,210,,
8,,,,504,445,403,,,-59,-101
8,,,,827,809,810,,,-18,-17
8,445,695,835,,,,250,390,,
8,,,,540,502,541,,,-38,1
8,,,,770,886,963,,,116,193
8,600,530,830,,,,-70,230,,
8,320,390,590,,,,70,270,,
8,420,430,465,,,,10,45,,
8,745,740,870,,,,-5,125,,
8,,,,901,934,978,,,33,77
6,,,,288,337,822,,,49,534
6,475,595,535,799,,,120,60,,
6,510,830,470,534,,,320,-40,,
6,,,,751,791,900,,,40,149
6,,,,10,902,779,,,892,769
6,,,,609,719,499,,,110,-110
6,,,,645,683,554,,,38,-91
6,545,280,360,653,,,-265,-185,,
6,615,715,730,,,,100,115,,
6,,,,319,347,484,,,28,165
6,440,125,595,752,,,-315,155,,
6,,,,68,328,676,,,260,608
6,310,410,530,574,,,100,220,,
6,,,,64,0,271,,,-64,207
6,,,,543,571,669,,,28,126
6,135,50,365,778,,,-85,230,,
6,,,,112,283,263,,,171,151
6,410,675,335,,,,265,-75,,
6,530,440,550,,,,-90,20,,
6,,,,582,504,457,,,-78,-125
6,510,405,395,,,,-105,-115,,
6,,,,213,274,181,,,61,-32
